Srce,Province,PublishedDate,PropertyType,PropertyState,Bdroom,Bath,Parking,PriceUF,MtTot,UFxMt2,ValueScore,Score,Link
portal inmobiliario,Santiago,06/26/2020,Aparment,usada,3,2,1,4900,150,32,3300,673,https://www.portalinmobiliario.com/MLC-534098918-amplio-departamento-santa-lucia-_JM#position=5&type=item&tracking_id=1192ceb3-9d37-4d7d-9b70-27954d945045
portal inmobiliario,Santiago,12/05/2020,Aparment,usada,3,2,1,4340,114,38,2508,577,https://www.portalinmobiliario.com/venta/departamento/santiago-metropolitana/5675878-avenida-republica-uda#position=6&type=item&tracking_id=1192ceb3-9d37-4d7d-9b70-27954d945045
portal inmobiliario,Santiago,07/07/2020,Aparment,usada,3,2,1,4900,222,22,4884,996,https://www.portalinmobiliario.com/MLC-535767248-venta-departamento-santiago-39-_JM#position=1&type=item&tracking_id=1192ceb3-9d37-4d7d-9b70-27954d945045
portal inmobiliario,Santiago,12/05/2020,Aparment,usada,3,2,1,6076,130,46,2860,470,https://www.portalinmobiliario.com/venta/departamento/santiago-metropolitana/5694744-vicuna-mackenna-sta-victoria-uda#position=3&type=item&tracking_id=1192ceb3-9d37-4d7d-9b70-27954d945045
portal inmobiliario,Santiago,12/05/2020,Aparment,usada,3,2,1,6600,127,51,2794,423,https://www.portalinmobiliario.com/venta/departamento/santiago-metropolitana/5527822-santiago-centro-catedral-amplitud-y-calidad-uda#position=20&type=item&tracking_id=1192ceb3-9d37-4d7d-9b70-27954d945045
portal inmobiliario,Santiago,04/23/2020,Aparment,usada,3,3,2,6498,102,63,2856,439,https://www.portalinmobiliario.com/MLC-524431690-departamento-en-venta-metro-principe-de-gales-_JM#position=17&type=item&tracking_id=1192ceb3-9d37-4d7d-9b70-27954d945045
portal inmobiliario,Santiago,06/15/2020,Aparment,usada,3,3,3,6390,115,55,3450,539,https://www.portalinmobiliario.com/MLC-532283592-departamento-en-venta-metro-santa-ana-_JM#position=8&type=item&tracking_id=1192ceb3-9d37-4d7d-9b70-27954d945045
portal inmobiliario,Santiago,12/05/2020,Aparment,usada,3,3,2,5381,140,38,3920,728,https://www.portalinmobiliario.com/MLC-522359397-propiedad-en-sta-isabelportugal-gran-terraza-y-est-_JM#position=23&type=item&tracking_id=1192ceb3-9d37-4d7d-9b70-27954d945045
portal inmobiliario,Santiago,12/05/2020,Aparment,usada,3,2,1,4900,148,33,3256,664,https://www.portalinmobiliario.com/venta/departamento/santiago-metropolitana/5626794-carmen-602-uda#position=12&type=item&tracking_id=1192ceb3-9d37-4d7d-9b70-27954d945045
portal inmobiliario,Santiago,12/05/2020,Aparment,usada,3,3,1,6200,115,53,2990,482,https://www.portalinmobiliario.com/venta/departamento/santiago-metropolitana/5545062-santo-domingo-amunategui-uda#position=22&type=item&tracking_id=1192ceb3-9d37-4d7d-9b70-27954d945045
portal inmobiliario,Santiago,12/05/2020,Aparment,usada,3,2,1,4900,148,33,3256,664,https://www.portalinmobiliario.com/venta/departamento/santiago-metropolitana/5615645-carmen-argomedo-uda#position=11&type=item&tracking_id=1192ceb3-9d37-4d7d-9b70-27954d945045
portal inmobiliario,Santiago,12/05/2020,Aparment,usada,3,2,1,6200,124,50,2728,440,https://www.portalinmobiliario.com/venta/departamento/santiago-metropolitana/5554080-catedral-1310-uda#position=21&type=item&tracking_id=1192ceb3-9d37-4d7d-9b70-27954d945045
portal inmobiliario,Santiago,12/05/2020,Aparment,usada,3,3,1,6350,113,56,2938,462,https://www.portalinmobiliario.com/venta/departamento/santiago-metropolitana/5692448-santo-domingo-1457-departamento-209-uda#position=24&type=item&tracking_id=1192ceb3-9d37-4d7d-9b70-27954d945045
portal inmobiliario,Santiago,04/23/2020,Aparment,usada,3,3,2,4880,100,48,2800,573,https://www.portalinmobiliario.com/MLC-524430254-departamento-en-venta-plaza-de-armas-_JM#position=18&type=item&tracking_id=1192ceb3-9d37-4d7d-9b70-27954d945045
portal inmobiliario,Santiago,04/24/2020,Aparment,usada,3,3,2,4861,100,48,2800,576,https://www.portalinmobiliario.com/MLC-524505231-departamento-en-venta-plaza-de-armas-_JM#position=14&type=item&tracking_id=1192ceb3-9d37-4d7d-9b70-27954d945045
portal inmobiliario,Santiago,06/18/2020,Aparment,usada,3,3,2,6200,129,48,3612,582,https://www.portalinmobiliario.com/MLC-532823633-departamento-en-venta-el-embalse-_JM#position=7&type=item&tracking_id=1192ceb3-9d37-4d7d-9b70-27954d945045
portal inmobiliario,Santiago,12/05/2020,Aparment,usada,3,2,1,4950,100,49,2200,444,https://www.portalinmobiliario.com/venta/departamento/santiago-metropolitana/5685766-universidad-andres-bello-gorbea-uda#position=4&type=item&tracking_id=1192ceb3-9d37-4d7d-9b70-27954d945045
portal inmobiliario,Santiago,12/05/2020,Aparment,usada,3,2,1,5277,135,39,2970,562,https://www.portalinmobiliario.com/venta/departamento/santiago-metropolitana/5632184-a-3-cuadras-del-metro-santa-isabel-uda#position=10&type=item&tracking_id=1192ceb3-9d37-4d7d-9b70-27954d945045
portal inmobiliario,Santiago,08/05/2020,Aparment,usada,4,2,1,5902,131,45,3406,577,https://www.portalinmobiliario.com/MLC-525871585-departamento-en-vicuna-mackena-metro-santa-isabel-_JM#position=13&type=item&tracking_id=1192ceb3-9d37-4d7d-9b70-27954d945045
portal inmobiliario,Santiago,12/05/2020,Aparment,usada,4,2,1,6700,110,60,2860,426,https://www.portalinmobiliario.com/venta/departamento/santiago-metropolitana/5641861-san-diego-516-departamento-1018-uda#position=25&type=item&tracking_id=1192ceb3-9d37-4d7d-9b70-27954d945045
portal inmobiliario,Santiago,12/05/2020,Aparment,usada,3,2,1,4530,100,45,2200,485,https://www.portalinmobiliario.com/venta/departamento/santiago-metropolitana/5707359-av-espana-gorbea-uda#position=2&type=item&tracking_id=1192ceb3-9d37-4d7d-9b70-27954d945045
portal inmobiliario,Santiago,12/05/2020,Aparment,usada,3,2,1,4900,150,32,3300,673,https://www.portalinmobiliario.com/venta/departamento/santiago-metropolitana/5588595-carmen-602-uda#position=9&type=item&tracking_id=1192ceb3-9d37-4d7d-9b70-27954d945045
portal inmobiliario,Santiago,04/24/2020,Aparment,usada,3,3,2,6498,102,63,2856,439,https://www.portalinmobiliario.com/MLC-524477196-departamento-en-venta-metro-principe-de-gales-_JM#position=16&type=item&tracking_id=1192ceb3-9d37-4d7d-9b70-27954d945045
portal inmobiliario,Las Condes,05/06/2020,House,usada,3,2,1,4900,120,40,2640,538,https://www.portalinmobiliario.com/venta/casa/las-condes-metropolitana/5607677-yolanda-9438-uda#position=5&type=item&tracking_id=9c2cfbc2-f149-4fd5-9f7e-c363780a4e74
portal inmobiliario,Las Condes,06/17/2020,House,usada,3,3,1,6875,110,62,2860,416,https://www.portalinmobiliario.com/venta/casa/las-condes-metropolitana/5668126-la-goleta-las-condes-uda#position=7&type=item&tracking_id=9c2cfbc2-f149-4fd5-9f7e-c363780a4e74
portal inmobiliario,Las Condes,06/24/2020,House,usada,3,2,1,4900,120,40,2640,538,https://www.portalinmobiliario.com/venta/casa/las-condes-metropolitana/5681590-yolanda-vital-apoquindo-uda#position=2&type=item&tracking_id=9c2cfbc2-f149-4fd5-9f7e-c363780a4e74
portal inmobiliario,Las Condes,06/20/2020,House,usada,3,3,1,6875,110,62,2860,416,https://www.portalinmobiliario.com/venta/casa/las-condes-metropolitana/5675199-la-goleta-788-uda#position=3&type=item&tracking_id=9c2cfbc2-f149-4fd5-9f7e-c363780a4e74
portal inmobiliario,Las Condes,04/14/2020,House,usada,3,1,1,5555,162,34,2916,524,https://www.portalinmobiliario.com/venta/casa/las-condes-metropolitana/5556916-metro-y-mall-los-dominicos-uda#position=6&type=item&tracking_id=9c2cfbc2-f149-4fd5-9f7e-c363780a4e74
portal inmobiliario,Las Condes,08/07/2020,House,usada,3,2,1,4895,120,40,2640,539,https://www.portalinmobiliario.com/venta/casa/las-condes-metropolitana/5708594-cristobal-colon-paul-harris-uda#position=1&type=item&tracking_id=9c2cfbc2-f149-4fd5-9f7e-c363780a4e74
portal inmobiliario,Vitacura,12/04/2020,Aparment,usada,4,2,1,6300,115,54,2990,474,https://www.portalinmobiliario.com/venta/departamento/vitacura-metropolitana/5552025-lo-matta-las-hualtatas-uda#position=2&type=item&tracking_id=41ed21bc-03e9-4c9d-b2ee-362368a50779
portal inmobiliario,Vitacura,06/27/2020,House,usada,3,2,2,6944,125,55,3000,432,https://www.portalinmobiliario.com/venta/casa/vitacura-metropolitana/5633501-la-aurora-1785-uda#position=1&type=item&tracking_id=7a179f42-d429-4d20-9e55-a969f854cdc1
portal inmobiliario,Santiago,12/05/2020,House,usada,3,2,1,6969,100,69,2200,315,https://www.portalinmobiliario.com/venta/casa/santiago-metropolitana/5685878-metro-santa-ana-y-cumming-uda#position=33&type=item&tracking_id=0e17d6a7-c654-4305-9a59-4b71cf81e060
portal inmobiliario,Santiago,04/23/2020,House,usada,5,5,2,6622,163,40,7172,1083,https://www.portalinmobiliario.com/MLC-524432877-casa-en-venta-metro-rondizzoni-_JM#position=14&type=item&tracking_id=0e17d6a7-c654-4305-9a59-4b71cf81e060
portal inmobiliario,Santiago,07/05/2020,House,usada,3,3,1,4340,200,21,5200,1198,https://www.portalinmobiliario.com/MLC-525806304-casa-en-venta-av-jose-arrieta-_JM#position=8&type=item&tracking_id=0e17d6a7-c654-4305-9a59-4b71cf81e060
portal inmobiliario,Santiago,12/05/2020,House,usada,4,2,1,6041,220,27,5720,946,https://www.portalinmobiliario.com/venta/casa/santiago-metropolitana/5609345-av-general-gana-metro-nuble-uda#position=5&type=item&tracking_id=0e17d6a7-c654-4305-9a59-4b71cf81e060
portal inmobiliario,Santiago,04/23/2020,House,usada,4,4,2,4900,175,28,6300,1285,https://www.portalinmobiliario.com/MLC-524432903-casa-en-venta-metro-zapadores-_JM#position=13&type=item&tracking_id=0e17d6a7-c654-4305-9a59-4b71cf81e060
portal inmobiliario,Santiago,12/05/2020,House,usada,3,2,2,6000,350,17,8400,1400,https://www.portalinmobiliario.com/venta/casa/santiago-metropolitana/5683844-metropolitana-region-santiago-uda#position=1&type=item&tracking_id=0e17d6a7-c654-4305-9a59-4b71cf81e060
portal inmobiliario,Santiago,07/05/2020,House,usada,3,3,3,6900,200,34,6000,869,https://www.portalinmobiliario.com/MLC-525806449-casa-en-venta-walker-martinezcolombia-_JM#position=6&type=item&tracking_id=0e17d6a7-c654-4305-9a59-4b71cf81e060
portal inmobiliario,Santiago,04/23/2020,House,usada,3,3,3,6700,110,60,3300,492,https://www.portalinmobiliario.com/MLC-524430579-casa-en-venta-plaza-las-campanas-_JM#position=20&type=item&tracking_id=0e17d6a7-c654-4305-9a59-4b71cf81e060
portal inmobiliario,Santiago,05/28/2020,House,usada,3,3,3,4861,160,30,4800,987,https://www.portalinmobiliario.com/MLC-529532147-casa-en-venta-cerro-negro-_JM#position=4&type=item&tracking_id=0e17d6a7-c654-4305-9a59-4b71cf81e060
portal inmobiliario,Santiago,07/06/2020,House,usada,4,4,3,6000,165,36,6270,1045,https://www.portalinmobiliario.com/MLC-530842246-casa-en-venta-el-guanaco-norte-_JM#position=2&type=item&tracking_id=0e17d6a7-c654-4305-9a59-4b71cf81e060
portal inmobiliario,Santiago,05/29/2020,House,usada,3,3,2,4166,160,26,4480,1075,https://www.portalinmobiliario.com/MLC-529607723-casa-en-venta-juanita-aguirre-_JM#position=3&type=item&tracking_id=0e17d6a7-c654-4305-9a59-4b71cf81e060
portal inmobiliario,Santiago,04/21/2020,House,usada,3,3,1,5555,170,32,4420,795,https://www.portalinmobiliario.com/MLC-524329543-casa-en-venta-francisco-de-villagra-_JM#position=28&type=item&tracking_id=0e17d6a7-c654-4305-9a59-4b71cf81e060
portal inmobiliario,Santiago,04/23/2020,House,usada,3,3,3,6000,169,35,5070,845,https://www.portalinmobiliario.com/MLC-524432146-casa-en-venta-el-guanaco-norte-_JM#position=15&type=item&tracking_id=0e17d6a7-c654-4305-9a59-4b71cf81e060
portal inmobiliario,Santiago,03/30/2020,House,usada,3,3,3,6900,135,51,4050,586,https://www.portalinmobiliario.com/MLC-522932150-casa-en-venta-metro-rojas-magallanes-_JM#position=31&type=item&tracking_id=0e17d6a7-c654-4305-9a59-4b71cf81e060
portal inmobiliario,Huechuraba,05/27/2020,Aparment,usada,3,2,1,6000,120,50,2640,440,https://www.portalinmobiliario.com/venta/departamento/huechuraba-metropolitana/5634026-camino-de-cintura-huechuraba-departamento-1467-uda#position=27&type=item&tracking_id=f8a93820-f54f-4e81-bd59-3b87761810c2
portal inmobiliario,Huechuraba,06/24/2020,Aparment,usada,3,3,2,6990,128,54,3584,512,https://www.portalinmobiliario.com/venta/departamento/huechuraba-metropolitana/5681338-av-del-parque-comodos-espacios-vista-despejada-uda#position=10&type=item&tracking_id=f8a93820-f54f-4e81-bd59-3b87761810c2
portal inmobiliario,Huechuraba,05/27/2020,Aparment,usada,3,2,2,6400,252,25,6048,945,https://www.portalinmobiliario.com/venta/departamento/huechuraba-metropolitana/5579495-camino-de-cintura-gran-patio-de-uso-exclusivo-2-estacionamientos-uda#position=29&type=item&tracking_id=f8a93820-f54f-4e81-bd59-3b87761810c2
portal inmobiliario,Huechuraba,11/05/2020,Aparment,usada,3,2,1,5300,130,40,2860,539,https://www.portalinmobiliario.com/venta/departamento/huechuraba-metropolitana/5606462-departamento-como-nuevo-recien-pintado-uda#position=39&type=item&tracking_id=f8a93820-f54f-4e81-bd59-3b87761810c2
portal inmobiliario,Huechuraba,09/03/2020,Aparment,usada,3,2,1,5800,112,51,2464,424,https://www.portalinmobiliario.com/venta/departamento/huechuraba-metropolitana/5185162-impecable-departamento-camino-cintura-uda#position=6&type=item&tracking_id=e94ee454-ac19-425c-8b9c-4acf3eecae8d
portal inmobiliario,Huechuraba,06/16/2020,Aparment,usada,3,2,2,6150,100,61,2400,390,https://www.portalinmobiliario.com/venta/departamento/huechuraba-metropolitana/5667622-vende-pedro-fontova-corredora-mejor-sector-no-dejar-de-ver-uda#position=15&type=item&tracking_id=f8a93820-f54f-4e81-bd59-3b87761810c2
portal inmobiliario,Huechuraba,10/06/2020,Aparment,usada,3,2,1,5600,137,40,3014,538,https://www.portalinmobiliario.com/venta/departamento/huechuraba-metropolitana/5658767-camino-de-cintura-disponibilidad-inmediata-uda#position=18&type=item&tracking_id=f8a93820-f54f-4e81-bd59-3b87761810c2
portal inmobiliario,Huechuraba,05/21/2020,Aparment,usada,3,2,1,5300,230,23,5060,954,https://www.portalinmobiliario.com/venta/departamento/huechuraba-metropolitana/5615361-berta-correa-los-libertadores-uda#position=30&type=item&tracking_id=f8a93820-f54f-4e81-bd59-3b87761810c2
portal inmobiliario,Huechuraba,04/13/2020,Aparment,usada,3,2,1,4200,100,42,2200,523,https://www.portalinmobiliario.com/venta/departamento/huechuraba-metropolitana/5554623-hermoso-departamento-en-pedro-fontova-uda#position=49&type=item&tracking_id=f8a93820-f54f-4e81-bd59-3b87761810c2
portal inmobiliario,Huechuraba,04/06/2020,Aparment,usada,3,2,1,4500,107,42,2354,523,https://www.portalinmobiliario.com/venta/departamento/huechuraba-metropolitana/5645787-lindo-departamento-inmejorable-ubicacion-ga-uda#position=23&type=item&tracking_id=f8a93820-f54f-4e81-bd59-3b87761810c2
portal inmobiliario,Huechuraba,05/15/2020,Aparment,usada,4,3,2,5600,122,45,3904,697,https://www.portalinmobiliario.com/venta/departamento/huechuraba-metropolitana/5613782-excelente-departamento-en-el-mejor-sector-pv-uda#position=34&type=item&tracking_id=f8a93820-f54f-4e81-bd59-3b87761810c2
portal inmobiliario,Huechuraba,07/07/2020,Aparment,usada,4,4,2,6100,175,34,6300,1032,https://www.portalinmobiliario.com/venta/departamento/huechuraba-metropolitana/5706816-pedro-fontova-el-carmen-tour-virtual-2-suite-4d4b-2-estacionamientos-175-m2-uda#position=1&type=item&tracking_id=f8a93820-f54f-4e81-bd59-3b87761810c2
portal inmobiliario,Huechuraba,09/04/2020,Aparment,usada,3,2,2,6200,152,40,3648,588,https://www.portalinmobiliario.com/venta/departamento/huechuraba-metropolitana/5549256-departamento-con-patio-pedro-fontova-huechuraba-uda#position=1&type=item&tracking_id=e94ee454-ac19-425c-8b9c-4acf3eecae8d
portal inmobiliario,Huechuraba,05/06/2020,Aparment,usada,4,3,1,6500,150,43,4500,692,https://www.portalinmobiliario.com/venta/departamento/huechuraba-metropolitana/5650301-vende-exclusivo-oportunidad-modelo-de-140-mts-uda#position=20&type=item&tracking_id=f8a93820-f54f-4e81-bd59-3b87761810c2
portal inmobiliario,Huechuraba,08/04/2020,Aparment,usada,4,4,1,6300,169,37,5746,912,https://www.portalinmobiliario.com/venta/departamento/huechuraba-metropolitana/5548086-pedro-fontova-7788-uda#position=2&type=item&tracking_id=e94ee454-ac19-425c-8b9c-4acf3eecae8d
portal inmobiliario,Huechuraba,05/18/2020,Aparment,usada,3,2,1,5100,100,51,2200,431,https://www.portalinmobiliario.com/venta/departamento/huechuraba-metropolitana/5615823-del-roble-1578-uda#position=33&type=item&tracking_id=f8a93820-f54f-4e81-bd59-3b87761810c2
portal inmobiliario,Huechuraba,05/28/2020,Aparment,usada,3,2,1,4990,125,39,2750,551,https://www.portalinmobiliario.com/venta/departamento/huechuraba-metropolitana/5635109-hermoso-dpto-en-cond-gran-vista-al-valle-de-huechuraba-uda#position=26&type=item&tracking_id=f8a93820-f54f-4e81-bd59-3b87761810c2
portal inmobiliario,Huechuraba,04/14/2020,Aparment,usada,3,2,1,5300,130,40,2860,539,https://www.portalinmobiliario.com/venta/departamento/huechuraba-metropolitana/5555623-los-libertadores-7135-uda#position=48&type=item&tracking_id=f8a93820-f54f-4e81-bd59-3b87761810c2
portal inmobiliario,Huechuraba,06/30/2020,Aparment,usada,3,2,2,6250,130,48,3120,499,https://www.portalinmobiliario.com/venta/departamento/huechuraba-metropolitana/5690446-camino-de-cintura-pedro-fontova-uda#position=7&type=item&tracking_id=f8a93820-f54f-4e81-bd59-3b87761810c2
portal inmobiliario,Huechuraba,01/07/2020,Aparment,usada,3,3,2,5900,140,42,3920,664,https://www.portalinmobiliario.com/venta/departamento/huechuraba-metropolitana/5690982-remodelado-y-muy-amplio-uda#position=6&type=item&tracking_id=f8a93820-f54f-4e81-bd59-3b87761810c2
portal inmobiliario,Huechuraba,04/22/2020,Aparment,usada,3,3,2,5630,114,49,3192,566,https://www.portalinmobiliario.com/MLC-524380262-departamento-en-venta-pedro-fontova-_JM#position=44&type=item&tracking_id=f8a93820-f54f-4e81-bd59-3b87761810c2
portal inmobiliario,Huechuraba,12/06/2020,Aparment,usada,3,2,1,4700,106,44,2332,496,https://www.portalinmobiliario.com/venta/departamento/huechuraba-metropolitana/5662455-lindo-y-comodo-departamento-santa-marta-de-huechuraba-uda#position=17&type=item&tracking_id=f8a93820-f54f-4e81-bd59-3b87761810c2
portal inmobiliario,Huechuraba,04/29/2020,Aparment,usada,3,2,1,5300,154,34,3388,639,https://www.portalinmobiliario.com/venta/departamento/huechuraba-metropolitana/5584195-los-libertadores-berta-correa-uda#position=43&type=item&tracking_id=f8a93820-f54f-4e81-bd59-3b87761810c2
portal inmobiliario,Huechuraba,02/04/2020,Aparment,usada,3,2,2,4150,102,40,2448,589,https://www.portalinmobiliario.com/venta/departamento/huechuraba-metropolitana/5540039-linda-vista-sector-alta-demanda-dn-uda#position=3&type=item&tracking_id=e94ee454-ac19-425c-8b9c-4acf3eecae8d
portal inmobiliario,Huechuraba,12/01/2020,Aparment,usada,4,3,1,6300,140,45,4200,666,https://www.portalinmobiliario.com/venta/departamento/huechuraba-metropolitana/5346093-camino-de-cintura-1409-uda#position=11&type=item&tracking_id=e94ee454-ac19-425c-8b9c-4acf3eecae8d
portal inmobiliario,Huechuraba,06/26/2020,Aparment,usada,3,2,1,6600,134,49,2948,446,https://www.portalinmobiliario.com/venta/departamento/huechuraba-metropolitana/5685291-impecable-camino-de-cintura-uda#position=8&type=item&tracking_id=f8a93820-f54f-4e81-bd59-3b87761810c2
portal inmobiliario,Huechuraba,11/05/2020,Aparment,usada,3,2,2,5500,126,43,3024,549,https://www.portalinmobiliario.com/venta/departamento/huechuraba-metropolitana/5606674-depto-como-nuevo-con-hermosa-vista-al-valle-uda#position=36&type=item&tracking_id=f8a93820-f54f-4e81-bd59-3b87761810c2
portal inmobiliario,Huechuraba,03/25/2020,Aparment,usada,3,2,1,6150,142,43,3124,507,https://www.portalinmobiliario.com/venta/departamento/huechuraba-metropolitana/5434887-pedro-fontova-8080-uda#position=5&type=item&tracking_id=e94ee454-ac19-425c-8b9c-4acf3eecae8d
portal inmobiliario,Huechuraba,11/05/2020,Aparment,usada,3,2,2,5500,126,43,3024,549,https://www.portalinmobiliario.com/venta/departamento/huechuraba-metropolitana/5606660-hermosa-vista-desde-camino-de-cintura-uda#position=37&type=item&tracking_id=f8a93820-f54f-4e81-bd59-3b87761810c2
portal inmobiliario,Huechuraba,04/06/2020,Aparment,usada,3,2,2,5500,110,50,2640,480,https://www.portalinmobiliario.com/venta/departamento/huechuraba-metropolitana/5645803-increible-departamento-colegio-sfjh-como-nuevo-ga-uda#position=22&type=item&tracking_id=f8a93820-f54f-4e81-bd59-3b87761810c2
portal inmobiliario,Huechuraba,01/25/2020,Aparment,usada,3,2,1,5790,149,38,3278,566,https://www.portalinmobiliario.com/venta/departamento/huechuraba-metropolitana/5384441-rinconada-el-salto-800-departamento-10-uda#position=7&type=item&tracking_id=e94ee454-ac19-425c-8b9c-4acf3eecae8d
portal inmobiliario,Huechuraba,09/06/2020,Aparment,usada,3,2,1,4791,115,41,2530,528,https://www.portalinmobiliario.com/venta/departamento/huechuraba-metropolitana/5656734-pedro-fontovasanta-isabel-uda#position=19&type=item&tracking_id=f8a93820-f54f-4e81-bd59-3b87761810c2
portal inmobiliario,Huechuraba,05/21/2020,Aparment,usada,3,3,2,6800,147,46,4116,605,https://www.portalinmobiliario.com/venta/departamento/huechuraba-metropolitana/5623915-camino-de-cintura-8030-departamento-702-uda#position=13&type=item&tracking_id=e94ee454-ac19-425c-8b9c-4acf3eecae8d
portal inmobiliario,Huechuraba,06/16/2020,Aparment,usada,3,2,1,5100,100,51,2200,431,https://www.portalinmobiliario.com/venta/departamento/huechuraba-metropolitana/5667741-vende-exclusivo-pedro-fontova-corredora-excelente-estado-mejor-sector-uda#position=13&type=item&tracking_id=f8a93820-f54f-4e81-bd59-3b87761810c2
portal inmobiliario,Huechuraba,05/06/2020,Aparment,usada,3,2,1,4350,100,43,2200,505,https://www.portalinmobiliario.com/venta/departamento/huechuraba-metropolitana/5649478-amplio-departamento-en-el-mejor-sector-de-huechuraba-y-con-una-hermosa-vista-uda#position=21&type=item&tracking_id=f8a93820-f54f-4e81-bd59-3b87761810c2
portal inmobiliario,Huechuraba,05/18/2020,Aparment,usada,3,2,1,5468,115,47,2530,462,https://www.portalinmobiliario.com/MLC-527810912-departamento-en-huechuraba-_JM#position=32&type=item&tracking_id=f8a93820-f54f-4e81-bd59-3b87761810c2
portal inmobiliario,Huechuraba,11/05/2020,Aparment,usada,3,3,2,4700,100,47,2800,595,https://www.portalinmobiliario.com/venta/departamento/huechuraba-metropolitana/5605156-pedro-fontova-7150-uda#position=40&type=item&tracking_id=f8a93820-f54f-4e81-bd59-3b87761810c2
portal inmobiliario,Huechuraba,04/15/2020,Aparment,usada,3,2,2,6000,125,48,3000,500,https://www.portalinmobiliario.com/venta/departamento/huechuraba-metropolitana/5560352-camino-de-cintura-1409-uda#position=46&type=item&tracking_id=f8a93820-f54f-4e81-bd59-3b87761810c2
portal inmobiliario,Huechuraba,04/13/2020,Aparment,usada,3,3,2,5900,140,42,3920,664,https://www.portalinmobiliario.com/venta/departamento/huechuraba-metropolitana/5550699-remodelado-y-muy-amplio-uda#position=50&type=item&tracking_id=f8a93820-f54f-4e81-bd59-3b87761810c2
portal inmobiliario,Huechuraba,04/18/2020,Aparment,usada,4,3,2,6850,150,45,4800,700,https://www.portalinmobiliario.com/venta/departamento/huechuraba-metropolitana/5565286-hermoso-departamento-con-linda-vista-dn-uda#position=45&type=item&tracking_id=f8a93820-f54f-4e81-bd59-3b87761810c2
portal inmobiliario,Huechuraba,05/29/2020,Aparment,usada,3,3,2,4400,107,41,2996,680,https://www.portalinmobiliario.com/venta/departamento/huechuraba-metropolitana/5637620-pedro-fontova-alberto-undurraga-uda#position=25&type=item&tracking_id=f8a93820-f54f-4e81-bd59-3b87761810c2
portal inmobiliario,Huechuraba,11/05/2020,Aparment,usada,3,2,1,5300,130,40,2860,539,https://www.portalinmobiliario.com/venta/departamento/huechuraba-metropolitana/5606480-departamento-como-nuevo-en-hermoso-condominio-uda#position=38&type=item&tracking_id=f8a93820-f54f-4e81-bd59-3b87761810c2
portal inmobiliario,Huechuraba,07/07/2020,House,usada,5,4,2,6930,220,31,8800,1269,https://www.portalinmobiliario.com/venta/casa/huechuraba-metropolitana/5707112-el-sauce-pedro-fontova-4d3b-mas-servicios-140220-m2-uda#position=3&type=item&tracking_id=a0a59148-8980-47aa-ac54-2b9fe2217d12
portal inmobiliario,Huechuraba,05/14/2020,House,usada,4,3,3,5200,180,28,6120,1176,https://www.portalinmobiliario.com/venta/casa/huechuraba-metropolitana/5612165-calle-berta-correa-1961-uda#position=37&type=item&tracking_id=a0a59148-8980-47aa-ac54-2b9fe2217d12
portal inmobiliario,Huechuraba,12/05/2020,House,usada,4,4,2,6500,200,32,7200,1107,https://www.portalinmobiliario.com/venta/casa/huechuraba-metropolitana/5609134-frente-a-saint-joseph-y-lider-express-uda#position=45&type=item&tracking_id=a0a59148-8980-47aa-ac54-2b9fe2217d12
portal inmobiliario,Huechuraba,04/20/2020,House,usada,4,3,2,6000,160,37,5120,853,https://www.portalinmobiliario.com/venta/casa/huechuraba-metropolitana/5567579-torreon-del-carmen-ii-uda#position=25&type=item&tracking_id=0a1c54e0-b7c7-415b-a722-cdf45f6aa394
portal inmobiliario,Huechuraba,12/05/2020,House,usada,4,2,2,4700,150,31,4200,893,https://www.portalinmobiliario.com/venta/casa/huechuraba-metropolitana/5609224-torreon-del-carmen-huechuraba-uda#position=42&type=item&tracking_id=a0a59148-8980-47aa-ac54-2b9fe2217d12
portal inmobiliario,Huechuraba,06/25/2020,House,usada,5,3,2,6190,200,30,7200,1163,https://www.portalinmobiliario.com/venta/casa/huechuraba-metropolitana/5683804-av-santa-marta-alberto-undurraga-pedro-fontova-uda#position=12&type=item&tracking_id=a0a59148-8980-47aa-ac54-2b9fe2217d12
portal inmobiliario,Huechuraba,10/06/2020,House,usada,3,2,1,4700,148,31,3256,692,https://www.portalinmobiliario.com/venta/casa/huechuraba-metropolitana/5658141-excelente-oportunidad-dentro-de-microbarrio--uda#position=19&type=item&tracking_id=a0a59148-8980-47aa-ac54-2b9fe2217d12
portal inmobiliario,Huechuraba,08/04/2020,House,usada,5,3,3,5555,181,30,6878,1238,https://www.portalinmobiliario.com/venta/casa/huechuraba-metropolitana/5548901-avenida-el-guanaco-norte-2000-uda#position=37&type=item&tracking_id=0a1c54e0-b7c7-415b-a722-cdf45f6aa394
portal inmobiliario,Huechuraba,07/04/2020,House,usada,4,3,3,6493,210,30,7140,1099,https://www.portalinmobiliario.com/venta/casa/huechuraba-metropolitana/5546368-moderna-casa-remodelada-completamente-uda#position=40&type=item&tracking_id=0a1c54e0-b7c7-415b-a722-cdf45f6aa394
portal inmobiliario,Huechuraba,05/25/2020,House,usada,3,3,2,4850,150,32,4200,865,https://www.portalinmobiliario.com/venta/casa/huechuraba-metropolitana/5630386-vende-fontova-norte-dentro-de-condominio-uda#position=26&type=item&tracking_id=a0a59148-8980-47aa-ac54-2b9fe2217d12
portal inmobiliario,Huechuraba,11/05/2020,House,usada,3,3,2,5000,230,21,6440,1288,https://www.portalinmobiliario.com/venta/casa/huechuraba-metropolitana/5605788-en-condominio-a-pasos-de-locomocion-uda#position=10&type=item&tracking_id=0a1c54e0-b7c7-415b-a722-cdf45f6aa394
portal inmobiliario,Huechuraba,06/05/2020,House,usada,4,3,2,6150,220,27,7040,1144,https://www.portalinmobiliario.com/venta/casa/huechuraba-metropolitana/5595587-condominio-terranova-alberto-undurraga-uda#position=17&type=item&tracking_id=0a1c54e0-b7c7-415b-a722-cdf45f6aa394
portal inmobiliario,Huechuraba,07/04/2020,House,usada,4,3,3,5750,180,31,6120,1064,https://www.portalinmobiliario.com/venta/casa/huechuraba-metropolitana/5546411-hermosa-casa-de-3-pisos-con-excelente-conectividad-uda#position=39&type=item&tracking_id=0a1c54e0-b7c7-415b-a722-cdf45f6aa394
portal inmobiliario,Huechuraba,04/24/2020,House,usada,3,3,2,5050,160,31,4480,887,https://www.portalinmobiliario.com/venta/casa/huechuraba-metropolitana/5576194-condominio-la-toscana-uda#position=21&type=item&tracking_id=0a1c54e0-b7c7-415b-a722-cdf45f6aa394
portal inmobiliario,Huechuraba,10/04/2020,House,usada,4,4,2,7000,214,32,7704,1100,https://www.portalinmobiliario.com/venta/casa/huechuraba-metropolitana/5551314-pedro-fontova-del-manantial-uda#position=36&type=item&tracking_id=0a1c54e0-b7c7-415b-a722-cdf45f6aa394
portal inmobiliario,Huechuraba,06/07/2020,House,usada,3,3,2,5400,181,29,5068,938,https://www.portalinmobiliario.com/venta/casa/huechuraba-metropolitana/5704951-dentro-de-condominio-como-nueva-cerca-de-colegios-ga-uda#position=5&type=item&tracking_id=a0a59148-8980-47aa-ac54-2b9fe2217d12
portal inmobiliario,Huechuraba,04/15/2020,House,usada,4,2,2,4850,148,32,4144,854,https://www.portalinmobiliario.com/venta/casa/huechuraba-metropolitana/5558695-gran-oportunidad-excelente-ubicacion-ga-uda#position=34&type=item&tracking_id=0a1c54e0-b7c7-415b-a722-cdf45f6aa394
portal inmobiliario,Huechuraba,05/25/2020,House,usada,4,4,3,6790,220,30,8360,1231,https://www.portalinmobiliario.com/venta/casa/huechuraba-metropolitana/5581059-el-sauce-1340-casa-78-uda#position=30&type=item&tracking_id=a0a59148-8980-47aa-ac54-2b9fe2217d12
portal inmobiliario,Huechuraba,04/18/2020,House,usada,3,3,2,6200,232,26,6496,1047,https://www.portalinmobiliario.com/venta/casa/huechuraba-metropolitana/5564959-excelente-casa-mejor-sector-seguridad-247-dn-uda#position=28&type=item&tracking_id=0a1c54e0-b7c7-415b-a722-cdf45f6aa394
portal inmobiliario,Huechuraba,06/25/2020,House,usada,3,3,1,5400,220,24,5720,1059,https://www.portalinmobiliario.com/venta/casa/huechuraba-metropolitana/5683323-pedro-fontova-guanaco-uda#position=13&type=item&tracking_id=a0a59148-8980-47aa-ac54-2b9fe2217d12
portal inmobiliario,Huechuraba,05/25/2020,House,usada,5,3,3,5555,181,30,6878,1238,https://www.portalinmobiliario.com/venta/casa/huechuraba-metropolitana/5627618-avenida-el-guanaco-norte-2000-uda#position=31&type=item&tracking_id=a0a59148-8980-47aa-ac54-2b9fe2217d12
portal inmobiliario,Huechuraba,07/05/2020,House,usada,4,3,2,6500,206,31,6592,1014,https://www.portalinmobiliario.com/venta/casa/huechuraba-metropolitana/5598046-casa-estilo-chileno-en-condominio-residencial-cercano-a-colegio-uda#position=15&type=item&tracking_id=0a1c54e0-b7c7-415b-a722-cdf45f6aa394
portal inmobiliario,Huechuraba,05/13/2020,House,usada,3,3,1,5200,120,43,3120,600,https://www.portalinmobiliario.com/venta/casa/huechuraba-metropolitana/5609696-condominio-lombardia-uda#position=41&type=item&tracking_id=a0a59148-8980-47aa-ac54-2b9fe2217d12
portal inmobiliario,Huechuraba,05/20/2020,House,usada,4,4,2,6850,250,27,9000,1313,https://www.portalinmobiliario.com/venta/casa/huechuraba-metropolitana/5622594-el-sauce-pedro-fontova-uda#position=32&type=item&tracking_id=a0a59148-8980-47aa-ac54-2b9fe2217d12
portal inmobiliario,Huechuraba,11/05/2020,House,usada,3,4,2,4687,132,35,4224,901,https://www.portalinmobiliario.com/venta/casa/huechuraba-metropolitana/5605720-caminio-el-roble-pedro-fontova-uda#position=11&type=item&tracking_id=0a1c54e0-b7c7-415b-a722-cdf45f6aa394
portal inmobiliario,Huechuraba,06/22/2020,House,usada,4,3,2,5990,180,33,5760,961,https://www.portalinmobiliario.com/venta/casa/huechuraba-metropolitana/5677950-vende-fontova-corredora-excelente-casa-en-condominio-como-nueva-uda#position=15&type=item&tracking_id=a0a59148-8980-47aa-ac54-2b9fe2217d12
portal inmobiliario,Huechuraba,01/06/2020,House,usada,4,4,2,6500,200,32,7200,1107,https://www.portalinmobiliario.com/venta/casa/huechuraba-metropolitana/5641860-pedro-fontova-guanaco-norte-uda#position=25&type=item&tracking_id=a0a59148-8980-47aa-ac54-2b9fe2217d12
portal inmobiliario,Huechuraba,12/05/2020,House,usada,4,4,2,6500,200,32,7200,1107,https://www.portalinmobiliario.com/venta/casa/huechuraba-metropolitana/5609114-frente-colegio-saint-joseph-uda#position=46&type=item&tracking_id=a0a59148-8980-47aa-ac54-2b9fe2217d12
portal inmobiliario,Huechuraba,12/05/2020,House,usada,3,2,2,4525,130,34,3120,689,https://www.portalinmobiliario.com/venta/casa/huechuraba-metropolitana/5607339-casa-huechuraba-condominio-lombardia-berta-correa-uda#position=4&type=item&tracking_id=0a1c54e0-b7c7-415b-a722-cdf45f6aa394
portal inmobiliario,Huechuraba,06/21/2020,House,usada,4,3,2,5990,164,36,5248,876,https://www.portalinmobiliario.com/venta/casa/huechuraba-metropolitana/5675685-como-nueva-dentro-condominio-oa-uda#position=17&type=item&tracking_id=a0a59148-8980-47aa-ac54-2b9fe2217d12
portal inmobiliario,Huechuraba,05/17/2020,House,usada,5,3,3,5500,160,34,6080,1105,https://www.portalinmobiliario.com/venta/casa/huechuraba-metropolitana/5615304-en-condominio-frente-a-plaza-con-juegos-infantiles-uda#position=33&type=item&tracking_id=a0a59148-8980-47aa-ac54-2b9fe2217d12
portal inmobiliario,Huechuraba,09/06/2020,House,usada,4,3,2,6690,219,30,7008,1047,https://www.portalinmobiliario.com/venta/casa/huechuraba-metropolitana/5657288-dentro-de-condominio-cerca-de-colegios-y-comercio-ga-uda#position=21&type=item&tracking_id=a0a59148-8980-47aa-ac54-2b9fe2217d12
portal inmobiliario,Huechuraba,11/05/2020,House,usada,4,3,3,5600,192,29,6528,1165,https://www.portalinmobiliario.com/venta/casa/huechuraba-metropolitana/5606780-casa-en-condominio-no-prerimetral-uda#position=6&type=item&tracking_id=0a1c54e0-b7c7-415b-a722-cdf45f6aa394
portal inmobiliario,Huechuraba,05/25/2020,House,usada,5,4,2,7000,240,29,9600,1371,https://www.portalinmobiliario.com/venta/casa/huechuraba-metropolitana/5629203-del-molino-7000-uda#position=29&type=item&tracking_id=a0a59148-8980-47aa-ac54-2b9fe2217d12
portal inmobiliario,Huechuraba,08/05/2020,House,usada,6,4,2,5500,172,31,7568,1376,https://www.portalinmobiliario.com/venta/casa/huechuraba-metropolitana/5601619-santa-marta-uda#position=13&type=item&tracking_id=0a1c54e0-b7c7-415b-a722-cdf45f6aa394
portal inmobiliario,Huechuraba,05/25/2020,House,usada,3,2,2,4350,150,29,3600,827,https://www.portalinmobiliario.com/venta/casa/huechuraba-metropolitana/5630379-santa-martahuechuraba-uda#position=27&type=item&tracking_id=a0a59148-8980-47aa-ac54-2b9fe2217d12
portal inmobiliario,Huechuraba,06/19/2020,House,usada,4,3,2,5800,198,29,6336,1092,https://www.portalinmobiliario.com/venta/casa/huechuraba-metropolitana/5674297-mejor-ubicacion-conectividadpv-uda#position=18&type=item&tracking_id=a0a59148-8980-47aa-ac54-2b9fe2217d12
portal inmobiliario,Huechuraba,11/05/2020,House,usada,4,3,3,5600,192,29,6528,1165,https://www.portalinmobiliario.com/venta/casa/huechuraba-metropolitana/5606801-guanaco-norte-a-pasos-de-locomocion-uda#position=5&type=item&tracking_id=0a1c54e0-b7c7-415b-a722-cdf45f6aa394
portal inmobiliario,Huechuraba,04/21/2020,House,usada,5,3,2,5500,160,34,5760,1047,https://www.portalinmobiliario.com/venta/casa/huechuraba-metropolitana/5569206-en-condominio-frente-a-plaza-con-juegos-infantiles-uda#position=24&type=item&tracking_id=0a1c54e0-b7c7-415b-a722-cdf45f6aa394
portal inmobiliario,Huechuraba,05/15/2020,House,usada,3,3,2,6200,198,31,5544,894,https://www.portalinmobiliario.com/venta/casa/huechuraba-metropolitana/5613766-increible-casa-dentro-de-condominio-visitala-ahora-ga-uda#position=35&type=item&tracking_id=a0a59148-8980-47aa-ac54-2b9fe2217d12
portal inmobiliario,Huechuraba,09/06/2020,House,usada,5,4,3,6980,250,27,10500,1504,https://www.portalinmobiliario.com/venta/casa/huechuraba-metropolitana/5656757-del-molino-santa-marta-de-huechuraba-uda#position=22&type=item&tracking_id=a0a59148-8980-47aa-ac54-2b9fe2217d12
portal inmobiliario,Huechuraba,04/18/2020,House,usada,4,2,1,5500,190,28,4940,898,https://www.portalinmobiliario.com/venta/casa/huechuraba-metropolitana/5564876-calle-del-manantial-guanaco-norte-uda#position=30&type=item&tracking_id=0a1c54e0-b7c7-415b-a722-cdf45f6aa394
portal inmobiliario,Huechuraba,07/05/2020,House,usada,5,2,2,4500,125,36,4000,888,https://www.portalinmobiliario.com/MLC-525807697-acogedora-casa-2-pisos-condominio-en-huechuraba-_JM#position=16&type=item&tracking_id=0a1c54e0-b7c7-415b-a722-cdf45f6aa394
portal inmobiliario,Huechuraba,12/05/2020,House,usada,4,2,1,5500,190,28,4940,898,https://www.portalinmobiliario.com/venta/casa/huechuraba-metropolitana/5608641-del-mananatila-guanaco-norte-uda#position=50&type=item&tracking_id=a0a59148-8980-47aa-ac54-2b9fe2217d12
portal inmobiliario,Huechuraba,12/05/2020,House,usada,4,4,2,7000,215,32,7740,1105,https://www.portalinmobiliario.com/venta/casa/huechuraba-metropolitana/5609166-en-microbarrio-cerrado-con-seguridad-uda#position=44&type=item&tracking_id=a0a59148-8980-47aa-ac54-2b9fe2217d12
portal inmobiliario,Huechuraba,06/16/2020,House,usada,4,2,2,6750,180,37,5040,746,https://www.portalinmobiliario.com/venta/casa/huechuraba-metropolitana/5666404-de-la-trilla-7535-uda#position=43&type=item&tracking_id=0a1c54e0-b7c7-415b-a722-cdf45f6aa394
portal inmobiliario,Huechuraba,04/18/2020,House,usada,4,3,1,5800,173,33,5190,894,https://www.portalinmobiliario.com/venta/casa/huechuraba-metropolitana/5565120-linda-casa-dentro-condominio-pv-uda#position=27&type=item&tracking_id=0a1c54e0-b7c7-415b-a722-cdf45f6aa394
portal inmobiliario,Huechuraba,06/28/2020,House,usada,6,4,3,5990,200,29,9200,1535,https://www.portalinmobiliario.com/venta/casa/huechuraba-metropolitana/5686876-santa-marta-de-huechura-uda#position=10&type=item&tracking_id=a0a59148-8980-47aa-ac54-2b9fe2217d12
portal inmobiliario,Huechuraba,03/07/2020,House,usada,5,3,3,5555,181,30,6878,1238,https://www.portalinmobiliario.com/venta/casa/huechuraba-metropolitana/5695324-avenida-el-guanaco-norte-2000-uda#position=9&type=item&tracking_id=a0a59148-8980-47aa-ac54-2b9fe2217d12
portal inmobiliario,Huechuraba,05/13/2020,House,usada,3,3,2,4950,160,30,4480,905,https://www.portalinmobiliario.com/venta/casa/huechuraba-metropolitana/5610530-dentro-de-condominio-excelente-ubicacion-no-pierdas-de-visitar-pv-uda#position=40&type=item&tracking_id=a0a59148-8980-47aa-ac54-2b9fe2217d12
portal inmobiliario,Huechuraba,08/04/2020,House,usada,4,3,3,5600,200,28,6800,1214,https://www.portalinmobiliario.com/venta/casa/huechuraba-metropolitana/5521548-av-guanaco-norte-con-los-libertadores-uda#position=38&type=item&tracking_id=0a1c54e0-b7c7-415b-a722-cdf45f6aa394
portal inmobiliario,Huechuraba,05/15/2020,House,usada,4,3,2,5920,200,29,6400,1081,https://www.portalinmobiliario.com/venta/casa/huechuraba-metropolitana/5614321-casa-en-sector-residencial-uda#position=34&type=item&tracking_id=a0a59148-8980-47aa-ac54-2b9fe2217d12
portal inmobiliario,Huechuraba,12/05/2020,House,usada,4,2,1,5500,190,28,4940,898,https://www.portalinmobiliario.com/venta/casa/huechuraba-metropolitana/5608685-entre-pedro-fontova-y-camino-del-roble-uda#position=49&type=item&tracking_id=a0a59148-8980-47aa-ac54-2b9fe2217d12
portal inmobiliario,Huechuraba,05/13/2020,House,usada,3,2,1,5000,150,33,3300,660,https://www.portalinmobiliario.com/venta/casa/huechuraba-metropolitana/5610874-lombardia-berta-correa-uda#position=39&type=item&tracking_id=a0a59148-8980-47aa-ac54-2b9fe2217d12
portal inmobiliario,Huechuraba,11/05/2020,House,usada,3,4,2,4687,132,35,4224,901,https://www.portalinmobiliario.com/venta/casa/huechuraba-metropolitana/5605707-a-media-cuadra-de-pedro-fontova-en-condominio-uda#position=12&type=item&tracking_id=0a1c54e0-b7c7-415b-a722-cdf45f6aa394
portal inmobiliario,Huechuraba,04/18/2020,House,usada,4,4,1,7000,215,32,7310,1044,https://www.portalinmobiliario.com/venta/casa/huechuraba-metropolitana/5564903-calle-del-manantial-guanaco-norte-uda#position=29&type=item&tracking_id=0a1c54e0-b7c7-415b-a722-cdf45f6aa394
portal inmobiliario,Huechuraba,09/06/2020,House,usada,4,2,3,5500,190,28,5700,1036,https://www.portalinmobiliario.com/venta/casa/huechuraba-metropolitana/5656575-del-manantial-santa-marta-de-huechuraba-uda#position=23&type=item&tracking_id=a0a59148-8980-47aa-ac54-2b9fe2217d12
portal inmobiliario,Huechuraba,04/16/2020,House,usada,5,3,1,5500,172,31,5848,1063,https://www.portalinmobiliario.com/venta/casa/huechuraba-metropolitana/5561999-vende-pedro-fontova-corredora-no-dejar-de-ver-uda#position=31&type=item&tracking_id=0a1c54e0-b7c7-415b-a722-cdf45f6aa394
portal inmobiliario,Huechuraba,11/05/2020,House,usada,4,4,2,5500,191,28,6876,1250,https://www.portalinmobiliario.com/venta/casa/huechuraba-metropolitana/5606550-santa-rosa-de-huechuraba-no-paga-gastos-comunes-uda#position=8&type=item&tracking_id=0a1c54e0-b7c7-415b-a722-cdf45f6aa394
portal inmobiliario,Huechuraba,06/22/2020,House,usada,3,3,2,6200,190,32,5320,858,https://www.portalinmobiliario.com/venta/casa/huechuraba-metropolitana/5676986-muy-central-fuera-de-condominio-uda#position=16&type=item&tracking_id=a0a59148-8980-47aa-ac54-2b9fe2217d12
portal inmobiliario,Huechuraba,10/06/2020,House,usada,4,3,2,5700,198,28,6336,1111,https://www.portalinmobiliario.com/venta/casa/huechuraba-metropolitana/5574789-propiedades-jhj-vende-hermosa-casa-como-piloto-cercana-supermercados-colegios-uda#position=20&type=item&tracking_id=a0a59148-8980-47aa-ac54-2b9fe2217d12
portal inmobiliario,Huechuraba,06/22/2020,House,usada,6,3,2,6300,204,30,8160,1295,https://www.portalinmobiliario.com/venta/casa/huechuraba-metropolitana/5678035-dentro-de-condominio-sector-el-carmen-pv-uda#position=14&type=item&tracking_id=a0a59148-8980-47aa-ac54-2b9fe2217d12
portal inmobiliario,Huechuraba,11/05/2020,House,usada,3,3,2,5000,230,21,6440,1288,https://www.portalinmobiliario.com/venta/casa/huechuraba-metropolitana/5605818-calle-berta-correa-av-los-libertadores-uda#position=9&type=item&tracking_id=0a1c54e0-b7c7-415b-a722-cdf45f6aa394
portal inmobiliario,Huechuraba,03/04/2020,House,usada,6,4,2,5500,185,29,8140,1480,https://www.portalinmobiliario.com/venta/casa/huechuraba-metropolitana/5541836-gran-casa-en-condominio-uda#position=42&type=item&tracking_id=0a1c54e0-b7c7-415b-a722-cdf45f6aa394
portal inmobiliario,Huechuraba,05/06/2020,House,usada,4,4,3,6790,220,30,8360,1231,https://www.portalinmobiliario.com/venta/casa/huechuraba-metropolitana/5650121-el-sauce-pedro-fontova-portada-de-huechuraba-uda#position=24&type=item&tracking_id=a0a59148-8980-47aa-ac54-2b9fe2217d12
portal inmobiliario,Huechuraba,04/05/2020,House,usada,4,3,3,5500,190,28,6460,1174,https://www.portalinmobiliario.com/venta/casa/huechuraba-metropolitana/5590856-guanaco-norte-manantial-uda#position=20&type=item&tracking_id=0a1c54e0-b7c7-415b-a722-cdf45f6aa394
portal inmobiliario,Huechuraba,10/04/2020,House,usada,4,2,3,5500,140,39,4200,763,https://www.portalinmobiliario.com/venta/casa/huechuraba-metropolitana/5551327-guanaco-del-manantial-uda#position=35&type=item&tracking_id=0a1c54e0-b7c7-415b-a722-cdf45f6aa394
portal inmobiliario,Huechuraba,12/05/2020,House,usada,5,3,2,5500,190,28,6840,1243,https://www.portalinmobiliario.com/venta/casa/huechuraba-metropolitana/5608602-santa-marta-de-huechuraba-av-guanaco-norte-uda#position=2&type=item&tracking_id=0a1c54e0-b7c7-415b-a722-cdf45f6aa394
portal inmobiliario,Huechuraba,12/05/2020,House,usada,4,3,2,5600,200,28,6400,1142,https://www.portalinmobiliario.com/venta/casa/huechuraba-metropolitana/5608781-amplia-casa-en-condominio-a-pasos-de-locomocion-uda#position=47&type=item&tracking_id=a0a59148-8980-47aa-ac54-2b9fe2217d12
portal inmobiliario,Huechuraba,06/07/2020,House,usada,3,3,2,6200,200,31,5600,903,https://www.portalinmobiliario.com/venta/casa/huechuraba-metropolitana/5634069-propiedades-jhj-vende-hermosa-casa-en-excelente-sector-dentro-de-condominio-uda#position=6&type=item&tracking_id=a0a59148-8980-47aa-ac54-2b9fe2217d12
portal inmobiliario,Huechuraba,12/05/2020,House,usada,4,4,2,7000,215,32,7740,1105,https://www.portalinmobiliario.com/venta/casa/huechuraba-metropolitana/5609173-amplia-casa-en-barrio-cerrado-uda#position=43&type=item&tracking_id=a0a59148-8980-47aa-ac54-2b9fe2217d12
portal inmobiliario,Huechuraba,07/07/2020,House,usada,3,3,2,4850,150,32,4200,865,https://www.portalinmobiliario.com/venta/casa/huechuraba-metropolitana/5708317-vende-fontova-norte-dentro-de-condominio-uda#position=1&type=item&tracking_id=a0a59148-8980-47aa-ac54-2b9fe2217d12
portal inmobiliario,Huechuraba,05/14/2020,House,usada,3,3,3,6150,220,27,6600,1073,https://www.portalinmobiliario.com/venta/casa/huechuraba-metropolitana/5611469-excelente-casa-gran-conectividad-oa-uda#position=38&type=item&tracking_id=a0a59148-8980-47aa-ac54-2b9fe2217d12
portal inmobiliario,Huechuraba,04/23/2020,House,usada,4,4,3,6000,165,36,6270,1045,https://www.portalinmobiliario.com/MLC-524432689-casa-en-venta-el-guanaco-norte-_JM#position=23&type=item&tracking_id=0a1c54e0-b7c7-415b-a722-cdf45f6aa394
portal inmobiliario,Huechuraba,12/05/2020,House,usada,4,3,2,5750,180,31,5760,1001,https://www.portalinmobiliario.com/venta/casa/huechuraba-metropolitana/5574723-propiedades-jhj-vende-hermosa-casa-dentro-de-condominio-excelente-conectividad-uda#position=3&type=item&tracking_id=0a1c54e0-b7c7-415b-a722-cdf45f6aa394
portal inmobiliario,Huechuraba,04/18/2020,House,usada,6,4,2,5500,174,31,7656,1392,https://www.portalinmobiliario.com/venta/casa/huechuraba-metropolitana/5565280-excelente-conectividad-colegios-comercio-dn-uda#position=26&type=item&tracking_id=0a1c54e0-b7c7-415b-a722-cdf45f6aa394
portal inmobiliario,Huechuraba,06/26/2020,House,usada,4,3,2,6700,220,30,7040,1050,https://www.portalinmobiliario.com/venta/casa/huechuraba-metropolitana/5684819-avenida-el-sauce-1340-uda#position=11&type=item&tracking_id=a0a59148-8980-47aa-ac54-2b9fe2217d12
portal inmobiliario,Huechuraba,07/07/2020,House,usada,4,3,2,5570,185,30,5920,1062,https://www.portalinmobiliario.com/venta/casa/huechuraba-metropolitana/5707475-condominio-la-liguria-guanaco-norte-casa-interior-uda#position=2&type=item&tracking_id=a0a59148-8980-47aa-ac54-2b9fe2217d12
portal inmobiliario,Huechuraba,04/16/2020,House,usada,4,3,2,6493,210,30,6720,1034,https://www.portalinmobiliario.com/venta/casa/huechuraba-metropolitana/5560565-casa-remodelada-completamente-cercana-a-pedro-fontova-uda#position=32&type=item&tracking_id=0a1c54e0-b7c7-415b-a722-cdf45f6aa394
portal inmobiliario,Huechuraba,07/07/2020,House,usada,4,4,2,6690,220,30,7920,1183,https://www.portalinmobiliario.com/venta/casa/huechuraba-metropolitana/5707075-el-sauce-pedro-fontova-4d3b-140220-m2-uda#position=4&type=item&tracking_id=a0a59148-8980-47aa-ac54-2b9fe2217d12
portal inmobiliario,Huechuraba,04/05/2020,House,usada,4,4,2,7000,298,23,10728,1532,https://www.portalinmobiliario.com/venta/casa/huechuraba-metropolitana/5591466-el-torreon-con-piscina-uda#position=19&type=item&tracking_id=0a1c54e0-b7c7-415b-a722-cdf45f6aa394
portal inmobiliario,Huechuraba,12/05/2020,House,usada,6,3,2,5500,190,28,7600,1381,https://www.portalinmobiliario.com/venta/casa/huechuraba-metropolitana/5608609-casa-aislada-en-condominio-a-pasos-de-locomocion-uda#position=1&type=item&tracking_id=0a1c54e0-b7c7-415b-a722-cdf45f6aa394
portal inmobiliario,Huechuraba,11/05/2020,House,usada,4,4,1,5500,191,28,6494,1180,https://www.portalinmobiliario.com/venta/casa/huechuraba-metropolitana/5606556-amplia-casa-en-condominio-que-no-paga-gastos-comunes-uda#position=7&type=item&tracking_id=0a1c54e0-b7c7-415b-a722-cdf45f6aa394
portal inmobiliario,Huechuraba,05/14/2020,House,usada,5,3,3,5590,200,27,7600,1359,https://www.portalinmobiliario.com/venta/casa/huechuraba-metropolitana/5573900-linda-casa-de-3-pisos-en-condominio-bien-mantenida-excelente-ubicacion-uda#position=36&type=item&tracking_id=a0a59148-8980-47aa-ac54-2b9fe2217d12
portal inmobiliario,Huechuraba,05/05/2020,House,usada,3,3,2,5000,230,21,6440,1288,https://www.portalinmobiliario.com/venta/casa/huechuraba-metropolitana/5593753-berta-correa-los-libertadores-uda#position=18&type=item&tracking_id=0a1c54e0-b7c7-415b-a722-cdf45f6aa394
portal inmobiliario,Huechuraba,04/07/2020,House,usada,4,3,2,6890,200,34,6400,928,https://www.portalinmobiliario.com/venta/casa/huechuraba-metropolitana/5703484-amplios-espacios-interiores-calefaccion-central-altos-del-carmen-condominio-uda#position=7&type=item&tracking_id=a0a59148-8980-47aa-ac54-2b9fe2217d12
portal inmobiliario,Huechuraba,06/04/2020,House,usada,4,4,2,6490,200,32,7200,1109,https://www.portalinmobiliario.com/venta/casa/huechuraba-metropolitana/5545672-impecable-completamente-refaccionada-en-condominio-uda#position=41&type=item&tracking_id=0a1c54e0-b7c7-415b-a722-cdf45f6aa394
portal inmobiliario,Huechuraba,05/25/2020,House,usada,4,2,2,5500,220,25,6160,1120,https://www.portalinmobiliario.com/venta/casa/huechuraba-metropolitana/5629263-del-manantial-0-uda#position=28&type=item&tracking_id=a0a59148-8980-47aa-ac54-2b9fe2217d12
portal inmobiliario,Huechuraba,12/05/2020,House,usada,4,3,2,5600,200,28,6400,1142,https://www.portalinmobiliario.com/venta/casa/huechuraba-metropolitana/5608769-en-condominio-no-perimetral-uda#position=48&type=item&tracking_id=a0a59148-8980-47aa-ac54-2b9fe2217d12
portal inmobiliario,Huechuraba,04/24/2020,House,usada,3,3,3,6000,169,35,5070,845,https://www.portalinmobiliario.com/MLC-524477653-casa-en-venta-el-guanaco-norte-_JM#position=22&type=item&tracking_id=0a1c54e0-b7c7-415b-a722-cdf45f6aa394
portal inmobiliario,Huechuraba,03/07/2020,House,usada,5,5,3,6950,237,29,10902,1568,https://www.portalinmobiliario.com/MLC-535322732-casa-en-venta-altos-del-valle-_JM#position=8&type=item&tracking_id=a0a59148-8980-47aa-ac54-2b9fe2217d12
portal inmobiliario,Huechuraba,07/05/2020,House,usada,3,3,4,4775,100,47,3200,670,https://www.portalinmobiliario.com/MLC-525812993-casa-en-condominio-en-comuna-de-huechuraba-_JM#position=14&type=item&tracking_id=0a1c54e0-b7c7-415b-a722-cdf45f6aa394
portal inmobiliario,Huechuraba,04/15/2020,House,usada,4,3,3,5700,180,31,6120,1073,https://www.portalinmobiliario.com/venta/casa/huechuraba-metropolitana/5559993-huechuraba-uda#position=33&type=item&tracking_id=0a1c54e0-b7c7-415b-a722-cdf45f6aa394
portal inmobiliario,Nunoa,05/15/2020,Aparment,usada,3,2,1,6423,105,61,2310,359,https://www.portalinmobiliario.com/venta/departamento/nunoa-metropolitana/5613469-jorge-washington-plaza-nunoa-uda#position=47&type=item&tracking_id=f95550d7-ca10-404e-afc6-1e784adc04ee
portal inmobiliario,Nunoa,05/17/2020,Aparment,usada,3,2,1,6490,105,61,2310,355,https://www.portalinmobiliario.com/venta/departamento/nunoa-metropolitana/5615344-jorge-washington-gerona-uda#position=45&type=item&tracking_id=f95550d7-ca10-404e-afc6-1e784adc04ee
portal inmobiliario,Nunoa,10/06/2020,Aparment,usada,3,2,1,6597,110,59,2420,366,https://www.portalinmobiliario.com/venta/departamento/nunoa-metropolitana/5658517-ubicacion-chile-espana-con-simon-bolivar-3-dormitorios-2-banos-muy-bien-cuidado-uda#position=29&type=item&tracking_id=f95550d7-ca10-404e-afc6-1e784adc04ee
portal inmobiliario,Nunoa,05/15/2020,Aparment,usada,3,3,2,6770,106,63,2968,438,https://www.portalinmobiliario.com/venta/departamento/nunoa-metropolitana/5614262-enrique-richard-3344-uda#position=46&type=item&tracking_id=f95550d7-ca10-404e-afc6-1e784adc04ee
portal inmobiliario,Nunoa,03/30/2020,Aparment,usada,4,2,1,6700,115,58,2990,446,https://www.portalinmobiliario.com/venta/departamento/nunoa-metropolitana/5534098-duble-almeyda-con-campo-de-deporte-uda#position=11&type=item&tracking_id=501fd201-9464-4868-8101-a7a15fe58404
portal inmobiliario,Nunoa,03/07/2020,Aparment,usada,3,2,1,6000,112,53,2464,410,https://www.portalinmobiliario.com/venta/departamento/nunoa-metropolitana/5697426-montenegro-189-uda#position=10&type=item&tracking_id=f95550d7-ca10-404e-afc6-1e784adc04ee
portal inmobiliario,Nunoa,05/14/2020,Aparment,usada,4,2,1,4166,106,39,2756,661,https://www.portalinmobiliario.com/venta/departamento/nunoa-metropolitana/5612338-villa-olimpica-uda#position=48&type=item&tracking_id=f95550d7-ca10-404e-afc6-1e784adc04ee
portal inmobiliario,Nunoa,03/30/2020,Aparment,usada,3,3,2,5868,110,53,3080,524,https://www.portalinmobiliario.com/MLC-522930916-departamento-en-venta-portal-nunoa-_JM#position=9&type=item&tracking_id=501fd201-9464-4868-8101-a7a15fe58404
portal inmobiliario,Nunoa,06/14/2020,Aparment,usada,3,2,1,6076,100,60,2200,362,https://www.portalinmobiliario.com/venta/departamento/nunoa-metropolitana/5663302-holanda-3235-uda#position=26&type=item&tracking_id=f95550d7-ca10-404e-afc6-1e784adc04ee
portal inmobiliario,Nunoa,06/23/2020,Aparment,usada,3,2,1,6250,106,58,2332,373,https://www.portalinmobiliario.com/venta/departamento/nunoa-metropolitana/5680014-metro-nunoa-uda#position=19&type=item&tracking_id=f95550d7-ca10-404e-afc6-1e784adc04ee
portal inmobiliario,Nunoa,06/24/2020,Aparment,usada,3,2,1,6490,103,63,2266,349,https://www.portalinmobiliario.com/venta/departamento/nunoa-metropolitana/5681750-cercano-al-metro-chileespana-uda#position=18&type=item&tracking_id=f95550d7-ca10-404e-afc6-1e784adc04ee
portal inmobiliario,Nunoa,05/06/2020,Aparment,usada,3,4,2,6985,101,69,3232,462,https://www.portalinmobiliario.com/MLC-530684021-propiedad-en-hernan-cortes-ricardo-lyon-_JM#position=36&type=item&tracking_id=f95550d7-ca10-404e-afc6-1e784adc04ee
portal inmobiliario,Nunoa,06/30/2020,Aparment,usada,3,2,1,6076,100,60,2200,362,https://www.portalinmobiliario.com/venta/departamento/nunoa-metropolitana/5690050-vive-la-vida-de-barrio-de-nunoa-el-aguilucho-uda#position=14&type=item&tracking_id=f95550d7-ca10-404e-afc6-1e784adc04ee
portal inmobiliario,Nunoa,04/16/2020,Aparment,usada,4,3,2,6800,111,61,3552,522,https://www.portalinmobiliario.com/venta/departamento/nunoa-metropolitana/5352105-gran-gran-oportunidad-holanda-chile-espana-orientacion-oriente-plaza-nunoa-nunoa-uda#position=4&type=item&tracking_id=501fd201-9464-4868-8101-a7a15fe58404
portal inmobiliario,Nunoa,05/07/2020,Aparment,usada,4,3,1,6250,106,58,3180,508,https://www.portalinmobiliario.com/venta/departamento/nunoa-metropolitana/5703572-metro-chile-espana-uda#position=7&type=item&tracking_id=f95550d7-ca10-404e-afc6-1e784adc04ee
portal inmobiliario,Nunoa,07/07/2020,Aparment,usada,3,3,3,7000,106,66,3180,454,https://www.portalinmobiliario.com/MLC-535749515-ricardo-lyon-hernan-cortes-_JM#position=3&type=item&tracking_id=f95550d7-ca10-404e-afc6-1e784adc04ee
portal inmobiliario,Nunoa,03/18/2020,Aparment,usada,4,4,2,6600,115,57,4140,627,https://www.portalinmobiliario.com/MLC-522359243-propiedad-en-los-cerezos-nor-oriente-_JM#position=12&type=item&tracking_id=501fd201-9464-4868-8101-a7a15fe58404
portal inmobiliario,Nunoa,06/16/2020,Aparment,usada,3,2,2,6500,172,37,4128,635,https://www.portalinmobiliario.com/venta/departamento/nunoa-metropolitana/5667227-metro-chile-espana-plaza-nunoa-uda#position=22&type=item&tracking_id=f95550d7-ca10-404e-afc6-1e784adc04ee
portal inmobiliario,Nunoa,09/06/2020,Aparment,usada,3,2,1,6255,107,58,2354,376,https://www.portalinmobiliario.com/venta/departamento/nunoa-metropolitana/5657317-duble-almeyda-pedro-de-valdivia-uda#position=31&type=item&tracking_id=f95550d7-ca10-404e-afc6-1e784adc04ee
portal inmobiliario,Nunoa,04/21/2020,Aparment,usada,3,3,2,6900,100,69,2800,405,https://www.portalinmobiliario.com/MLC-524329185-departamento-en-venta-metro-simon-bolivar-_JM#position=3&type=item&tracking_id=501fd201-9464-4868-8101-a7a15fe58404
portal inmobiliario,Nunoa,10/06/2020,Aparment,usada,3,2,1,6423,103,62,2266,352,https://www.portalinmobiliario.com/venta/departamento/nunoa-metropolitana/5657667-departamento-cercano-a-plaza-nunoa-uda#position=30&type=item&tracking_id=f95550d7-ca10-404e-afc6-1e784adc04ee
portal inmobiliario,Nunoa,05/06/2020,Aparment,usada,3,3,2,6150,110,55,3080,500,https://www.portalinmobiliario.com/MLC-530683938-brown-sur-plaza-nunoa-irarrazaval-_JM#position=37&type=item&tracking_id=f95550d7-ca10-404e-afc6-1e784adc04ee
portal inmobiliario,Nunoa,03/30/2020,Aparment,usada,3,3,2,6700,100,67,2800,417,https://www.portalinmobiliario.com/MLC-522930973-departamento-en-venta-hospital-de-carabineros-_JM#position=8&type=item&tracking_id=501fd201-9464-4868-8101-a7a15fe58404
portal inmobiliario,Nunoa,01/29/2020,Aparment,usada,3,2,1,5600,101,55,2222,396,https://www.portalinmobiliario.com/venta/departamento/nunoa-metropolitana/5391499-av-jose-pedro-alessandri-eduardo-castillo-velasco-uda#position=22&type=item&tracking_id=501fd201-9464-4868-8101-a7a15fe58404
portal inmobiliario,Nunoa,05/03/2020,Aparment,usada,3,2,1,6200,160,38,3520,567,https://www.portalinmobiliario.com/venta/departamento/nunoa-metropolitana/5049033-augusto-villanueva-irarrazaval-uda#position=18&type=item&tracking_id=501fd201-9464-4868-8101-a7a15fe58404
portal inmobiliario,Nunoa,07/07/2020,Aparment,usada,3,2,1,6500,104,62,2288,352,https://www.portalinmobiliario.com/venta/departamento/nunoa-metropolitana/5708094-impecable-departamento-a-pasos-de-irarrazabal-metro-plaza-egana-uda#position=1&type=item&tracking_id=f95550d7-ca10-404e-afc6-1e784adc04ee
portal inmobiliario,Nunoa,05/06/2020,Aparment,usada,3,4,2,6985,101,69,3232,462,https://www.portalinmobiliario.com/MLC-530684038-propiedad-en-hernan-cortes-av-pedro-de-valdivia-_JM#position=35&type=item&tracking_id=f95550d7-ca10-404e-afc6-1e784adc04ee
portal inmobiliario,Nunoa,01/07/2020,Aparment,usada,4,2,1,6600,111,59,2886,437,https://www.portalinmobiliario.com/venta/departamento/nunoa-metropolitana/5691828-sucre-pedro-de-valdivia-uda#position=13&type=item&tracking_id=f95550d7-ca10-404e-afc6-1e784adc04ee
portal inmobiliario,Nunoa,07/05/2020,Aparment,usada,3,2,1,6740,110,61,2420,359,https://www.portalinmobiliario.com/MLC-525806630-moderno-departamento-en-nunoai-entre-metros-plaza-egana-y-los-orientales-_JM#position=49&type=item&tracking_id=f95550d7-ca10-404e-afc6-1e784adc04ee
portal inmobiliario,Nunoa,05/03/2020,Aparment,usada,3,2,2,6567,100,65,2400,365,https://www.portalinmobiliario.com/venta/departamento/nunoa-metropolitana/5476484-campus-oriente--uda#position=17&type=item&tracking_id=501fd201-9464-4868-8101-a7a15fe58404
portal inmobiliario,Nunoa,05/19/2020,Aparment,usada,4,4,1,7000,135,51,4590,655,https://www.portalinmobiliario.com/venta/departamento/nunoa-metropolitana/5193096-avenida-irarrazaval-jorge-washington-uda#position=42&type=item&tracking_id=f95550d7-ca10-404e-afc6-1e784adc04ee
portal inmobiliario,Nunoa,06/14/2020,Aparment,usada,3,2,1,6700,110,60,2420,361,https://www.portalinmobiliario.com/venta/departamento/nunoa-metropolitana/5565519-managua-2222-uda#position=25&type=item&tracking_id=f95550d7-ca10-404e-afc6-1e784adc04ee
portal inmobiliario,Nunoa,07/07/2020,Aparment,usada,3,3,2,6423,110,58,3080,479,https://www.portalinmobiliario.com/MLC-535749543-suarez-mujica-salvador-_JM#position=2&type=item&tracking_id=f95550d7-ca10-404e-afc6-1e784adc04ee
portal inmobiliario,Nunoa,04/21/2020,Aparment,usada,3,3,2,6458,115,56,3220,498,https://www.portalinmobiliario.com/MLC-524329818-departamento-en-venta-metro-nunoa-_JM#position=2&type=item&tracking_id=501fd201-9464-4868-8101-a7a15fe58404
portal inmobiliario,Nunoa,03/07/2020,Aparment,usada,3,2,1,6350,103,61,2266,356,https://www.portalinmobiliario.com/venta/departamento/nunoa-metropolitana/5644168-amplitud-confort-conectividad-barrio-en-pleno-nunoa-uda#position=12&type=item&tracking_id=f95550d7-ca10-404e-afc6-1e784adc04ee
portal inmobiliario,Nunoa,03/18/2020,Aparment,usada,3,3,2,6423,115,55,3220,501,https://www.portalinmobiliario.com/venta/departamento/nunoa-metropolitana/5515452-avenida-salvador-2936-departamento-104-uda#position=13&type=item&tracking_id=501fd201-9464-4868-8101-a7a15fe58404
portal inmobiliario,Nunoa,03/07/2020,Aparment,usada,3,2,2,6990,106,65,2544,363,https://www.portalinmobiliario.com/venta/departamento/nunoa-metropolitana/5695541-avenida-ossa-simon-bolivar-uda#position=11&type=item&tracking_id=f95550d7-ca10-404e-afc6-1e784adc04ee
portal inmobiliario,Nunoa,03/06/2020,Aparment,usada,3,2,1,5750,109,52,2398,417,https://www.portalinmobiliario.com/venta/departamento/nunoa-metropolitana/5645132-metro-irarrazaval-fdez-concha-uda#position=38&type=item&tracking_id=f95550d7-ca10-404e-afc6-1e784adc04ee
portal inmobiliario,Nunoa,05/20/2020,Aparment,usada,3,2,1,6490,101,64,2222,342,https://www.portalinmobiliario.com/venta/departamento/nunoa-metropolitana/5621730-exequiel-fernandez-576-uda#position=41&type=item&tracking_id=f95550d7-ca10-404e-afc6-1e784adc04ee
portal inmobiliario,Nunoa,06/27/2020,Aparment,usada,3,2,1,6370,103,61,2266,355,https://www.portalinmobiliario.com/venta/departamento/nunoa-metropolitana/5686363-francisco-de-villagra-77-nunoa-departamento-1803-uda#position=16&type=item&tracking_id=f95550d7-ca10-404e-afc6-1e784adc04ee
portal inmobiliario,Nunoa,06/07/2020,Aparment,usada,3,2,1,5381,105,51,2310,429,https://www.portalinmobiliario.com/venta/departamento/nunoa-metropolitana/5705266-metro-chileespana-uda#position=6&type=item&tracking_id=f95550d7-ca10-404e-afc6-1e784adc04ee
portal inmobiliario,Nunoa,06/15/2020,Aparment,usada,3,3,2,6700,100,67,2800,417,https://www.portalinmobiliario.com/MLC-532283729-departamento-en-venta-metro-plaza-egana-_JM#position=24&type=item&tracking_id=f95550d7-ca10-404e-afc6-1e784adc04ee
portal inmobiliario,Nunoa,09/06/2020,Aparment,usada,3,2,1,6700,125,53,2750,410,https://www.portalinmobiliario.com/venta/departamento/nunoa-metropolitana/5656197-exequiel-fernandez-835-uda#position=33&type=item&tracking_id=f95550d7-ca10-404e-afc6-1e784adc04ee
portal inmobiliario,Nunoa,05/05/2020,Aparment,usada,3,2,1,6700,100,67,2200,328,https://www.portalinmobiliario.com/venta/departamento/nunoa-metropolitana/5591955-jose-domingo-canas-2001-uda#position=50&type=item&tracking_id=f95550d7-ca10-404e-afc6-1e784adc04ee
portal inmobiliario,Nunoa,02/13/2020,Aparment,usada,3,2,1,7000,101,69,2222,317,https://www.portalinmobiliario.com/venta/departamento/nunoa-metropolitana/5309992-sucre-antonio-varas-uda#position=20&type=item&tracking_id=501fd201-9464-4868-8101-a7a15fe58404
portal inmobiliario,Nunoa,11/06/2020,Aparment,usada,3,2,1,6700,110,60,2420,361,https://www.portalinmobiliario.com/venta/departamento/nunoa-metropolitana/5659806-manuel-montt-simon-bolivar-uda#position=28&type=item&tracking_id=f95550d7-ca10-404e-afc6-1e784adc04ee
portal inmobiliario,Nunoa,12/06/2020,Aparment,usada,4,2,1,6480,121,53,3146,485,https://www.portalinmobiliario.com/venta/departamento/nunoa-metropolitana/5659053-duble-almeyda-metro-nunoa-uda#position=27&type=item&tracking_id=f95550d7-ca10-404e-afc6-1e784adc04ee
portal inmobiliario,Nunoa,03/07/2020,Aparment,usada,3,2,1,7000,113,61,2486,355,https://www.portalinmobiliario.com/venta/departamento/nunoa-metropolitana/5697429-duble-almeyda-2942-uda#position=9&type=item&tracking_id=f95550d7-ca10-404e-afc6-1e784adc04ee
portal inmobiliario,Nunoa,06/30/2020,Aparment,usada,3,3,2,5555,103,53,2884,519,https://www.portalinmobiliario.com/venta/departamento/providencia-metropolitana/5688540-villaseca-diagonal-orientehernan-cortes-uda#position=15&type=item&tracking_id=f95550d7-ca10-404e-afc6-1e784adc04ee
portal inmobiliario,Nunoa,05/17/2020,Aparment,usada,4,2,1,6650,110,60,2860,430,https://www.portalinmobiliario.com/venta/departamento/nunoa-metropolitana/5615455-sucre-av-pero-de-valdivia-uda#position=44&type=item&tracking_id=f95550d7-ca10-404e-afc6-1e784adc04ee
portal inmobiliario,Nunoa,03/07/2020,Aparment,usada,3,2,1,5763,100,57,2200,381,https://www.portalinmobiliario.com/venta/departamento/nunoa-metropolitana/5697520-antonio-varas-bretana-uda#position=8&type=item&tracking_id=f95550d7-ca10-404e-afc6-1e784adc04ee
portal inmobiliario,Nunoa,02/17/2020,Aparment,usada,3,3,3,6527,102,63,3060,468,https://www.portalinmobiliario.com/MLC-520436306-propiedad-en-sucre-a-varas-metro-eyzaguirre-_JM#position=19&type=item&tracking_id=501fd201-9464-4868-8101-a7a15fe58404
portal inmobiliario,Nunoa,05/03/2020,Aparment,usada,3,2,1,6940,101,68,2222,320,https://www.portalinmobiliario.com/venta/departamento/nunoa-metropolitana/5363026-pedro-de-valdivia-3000-uda#position=16&type=item&tracking_id=501fd201-9464-4868-8101-a7a15fe58404
portal inmobiliario,Nunoa,06/03/2020,Aparment,usada,3,2,2,6700,112,59,2688,401,https://www.portalinmobiliario.com/venta/departamento/nunoa-metropolitana/5363466-exequiel-fernandez-881-uda#position=14&type=item&tracking_id=501fd201-9464-4868-8101-a7a15fe58404
portal inmobiliario,Nunoa,09/06/2020,Aparment,usada,4,3,1,5400,140,38,4200,777,https://www.portalinmobiliario.com/venta/departamento/nunoa-metropolitana/5571057-departamento-en-nunoa-cercano-a-rodrigo-de-araya-y-avda-macul-uda#position=32&type=item&tracking_id=f95550d7-ca10-404e-afc6-1e784adc04ee
portal inmobiliario,Nunoa,07/07/2020,Aparment,usada,4,2,1,6700,115,58,2990,446,https://www.portalinmobiliario.com/venta/departamento/nunoa-metropolitana/5707367-duble-de-almeyda-campo-de-deportes-uda#position=4&type=item&tracking_id=f95550d7-ca10-404e-afc6-1e784adc04ee
portal inmobiliario,Nunoa,02/06/2020,Aparment,usada,3,2,1,6770,118,57,2596,383,https://www.portalinmobiliario.com/venta/departamento/nunoa-metropolitana/5643811-general-gorostiaga-echenique-patio-uda#position=39&type=item&tracking_id=f95550d7-ca10-404e-afc6-1e784adc04ee
portal inmobiliario,Nunoa,03/30/2020,Aparment,usada,4,4,3,6300,126,50,4788,760,https://www.portalinmobiliario.com/MLC-522932439-departamento-en-venta-plaza-nunoa-_JM#position=7&type=item&tracking_id=501fd201-9464-4868-8101-a7a15fe58404
portal inmobiliario,Nunoa,04/21/2020,Aparment,usada,3,3,2,6253,130,48,3640,582,https://www.portalinmobiliario.com/MLC-524330139-departamento-en-venta-parque-san-eugenio-_JM#position=1&type=item&tracking_id=501fd201-9464-4868-8101-a7a15fe58404
portal inmobiliario,Nunoa,07/07/2020,Aparment,usada,3,2,1,6580,109,60,2398,364,https://www.portalinmobiliario.com/venta/departamento/nunoa-metropolitana/5707172-campoamor-485-departamento-1301-uda#position=5&type=item&tracking_id=f95550d7-ca10-404e-afc6-1e784adc04ee
portal inmobiliario,Nunoa,06/22/2020,Aparment,usada,4,2,1,6500,115,56,2990,460,https://www.portalinmobiliario.com/venta/departamento/nunoa-metropolitana/5678239-duble-almeyda-campos-de-deporte-uda#position=20&type=item&tracking_id=f95550d7-ca10-404e-afc6-1e784adc04ee
portal inmobiliario,Nunoa,05/18/2020,Aparment,usada,3,2,1,5850,103,56,2266,387,https://www.portalinmobiliario.com/venta/departamento/nunoa-metropolitana/5617786-francisco-de-villagra-uda#position=43&type=item&tracking_id=f95550d7-ca10-404e-afc6-1e784adc04ee
portal inmobiliario,Nunoa,06/16/2020,Aparment,usada,3,1,1,3993,100,39,1800,450,https://www.portalinmobiliario.com/venta/departamento/nunoa-metropolitana/5666755-calle-los-jazmines-1155-departamento-105-uda#position=23&type=item&tracking_id=f95550d7-ca10-404e-afc6-1e784adc04ee
portal inmobiliario,Nunoa,06/06/2020,Aparment,usada,3,2,2,5572,100,55,2400,430,https://www.portalinmobiliario.com/venta/departamento/nunoa-metropolitana/5651037-suarez-mujica-con-seminario-amplio-impecable-uda#position=34&type=item&tracking_id=f95550d7-ca10-404e-afc6-1e784adc04ee
portal inmobiliario,Nunoa,05/03/2020,Aparment,usada,4,3,1,6076,106,57,3180,523,https://www.portalinmobiliario.com/venta/departamento/nunoa-metropolitana/5477699-eduardo-castillo-velasco-exequiel-fernandez-uda#position=15&type=item&tracking_id=501fd201-9464-4868-8101-a7a15fe58404
portal inmobiliario,Nunoa,06/19/2020,Aparment,usada,3,3,1,6950,100,69,2600,374,https://www.portalinmobiliario.com/venta/departamento/nunoa-metropolitana/5673479-metro-plaza-egana-uda#position=21&type=item&tracking_id=f95550d7-ca10-404e-afc6-1e784adc04ee
portal inmobiliario,Nunoa,04/15/2020,Aparment,usada,3,2,2,6400,101,63,2424,378,https://www.portalinmobiliario.com/venta/departamento/nunoa-metropolitana/5560231-av-irarrazaval-antonio-varas-2-estacionamientos-uda#position=6&type=item&tracking_id=501fd201-9464-4868-8101-a7a15fe58404
portal inmobiliario,Nunoa,08/05/2020,House,usada,3,1,3,6250,207,30,4554,728,https://www.portalinmobiliario.com/venta/casa/nunoa-metropolitana/5600255-luis-alberto-heiremans-rodrigo-de-araya-uda#position=7&type=item&tracking_id=473f4d6c-e2d2-4173-89ee-e6579b14165d
portal inmobiliario,Nunoa,07/05/2020,House,usada,3,3,3,5902,110,53,3300,559,https://www.portalinmobiliario.com/MLC-525806473-casa-en-venta-metro-plaza-egana-_JM#position=8&type=item&tracking_id=473f4d6c-e2d2-4173-89ee-e6579b14165d
portal inmobiliario,Nunoa,06/16/2020,House,usada,4,2,2,6650,180,36,5040,757,https://www.portalinmobiliario.com/venta/casa/nunoa-metropolitana/5667747-las-palmeras-nunoa-uda#position=12&type=item&tracking_id=473f4d6c-e2d2-4173-89ee-e6579b14165d
portal inmobiliario,Nunoa,07/07/2020,House,usada,4,2,1,5229,130,40,3380,646,https://www.portalinmobiliario.com/venta/casa/nunoa-metropolitana/5707150-la-verbena-hamburgo-uda#position=1&type=item&tracking_id=473f4d6c-e2d2-4173-89ee-e6579b14165d
portal inmobiliario,Nunoa,04/26/2020,House,usada,4,2,1,4850,150,32,3900,804,https://www.portalinmobiliario.com/venta/casa/nunoa-metropolitana/5577784-juan-moya-rodrigo-de-araya-uda#position=9&type=item&tracking_id=473f4d6c-e2d2-4173-89ee-e6579b14165d
portal inmobiliario,Nunoa,06/16/2020,House,usada,3,2,3,4340,130,33,3380,778,https://www.portalinmobiliario.com/venta/casa/nunoa-metropolitana/5667926-hermosa-casa-muy-bien-mantenida-villa-olimpica-amplia-metro-supermercado-tasacion-bancaria-uda#position=3&type=item&tracking_id=473f4d6c-e2d2-4173-89ee-e6579b14165d
portal inmobiliario,Nunoa,04/23/2020,House,usada,3,3,2,6797,300,22,8400,1235,https://www.portalinmobiliario.com/MLC-524432682-casa-en-venta-los-espinos-macul-_JM#position=10&type=item&tracking_id=473f4d6c-e2d2-4173-89ee-e6579b14165d
portal inmobiliario,Nunoa,12/05/2020,House,usada,4,2,1,3993,125,31,3250,813,https://www.portalinmobiliario.com/venta/casa/nunoa-metropolitana/5519686-guillermo-mann-calle-1-uda#position=6&type=item&tracking_id=473f4d6c-e2d2-4173-89ee-e6579b14165d
portal inmobiliario,Providencia,06/03/2020,Aparment,usada,4,3,1,6980,113,61,3390,485,https://www.portalinmobiliario.com/venta/departamento/providencia-metropolitana/5439379-suecia-carlos-antunez-uda#position=35&type=item&tracking_id=f973b25a-3cb2-42df-90e6-e838c3557883
portal inmobiliario,Providencia,03/17/2020,Aparment,usada,3,2,1,6500,102,63,2244,345,https://www.portalinmobiliario.com/venta/departamento/providencia-metropolitana/5513692-metro-pedro-de-valdivia-providencia-uda#position=33&type=item&tracking_id=f973b25a-3cb2-42df-90e6-e838c3557883
portal inmobiliario,Providencia,05/06/2020,Aparment,usada,4,5,3,6990,127,55,5334,763,https://www.portalinmobiliario.com/MLC-530683961-propiedad-en-av-manuel-montt-av-francisco-bilbao-_JM#position=14&type=item&tracking_id=f973b25a-3cb2-42df-90e6-e838c3557883
portal inmobiliario,Providencia,01/13/2020,Aparment,usada,3,2,1,6250,102,61,2244,359,https://www.portalinmobiliario.com/venta/departamento/providencia-metropolitana/5349177-excelente-departamento-a-pasos-de-providencia-uda#position=37&type=item&tracking_id=f973b25a-3cb2-42df-90e6-e838c3557883
portal inmobiliario,Providencia,07/05/2020,Aparment,usada,3,2,1,7000,150,46,3300,471,https://www.portalinmobiliario.com/venta/departamento/providencia-metropolitana/5598526-amplio-departamento-con-jardin-metro-tobalaba-uda#position=26&type=item&tracking_id=f973b25a-3cb2-42df-90e6-e838c3557883
portal inmobiliario,Providencia,08/05/2020,Aparment,usada,3,2,1,6500,110,59,2420,372,https://www.portalinmobiliario.com/venta/departamento/providencia-metropolitana/5602387-amapolas-2081-uda#position=25&type=item&tracking_id=f973b25a-3cb2-42df-90e6-e838c3557883
portal inmobiliario,Providencia,05/25/2020,Aparment,usada,4,3,1,7000,126,55,3780,540,https://www.portalinmobiliario.com/venta/departamento/providencia-metropolitana/5586614-francisco-bilbao-3775-uda#position=20&type=item&tracking_id=f973b25a-3cb2-42df-90e6-e838c3557883
portal inmobiliario,Providencia,03/18/2020,Aparment,usada,3,3,3,6523,104,62,3120,478,https://www.portalinmobiliario.com/MLC-522359238-propiedad-en-arturo-claro-parque-ines-de-suarez-_JM#position=31&type=item&tracking_id=f973b25a-3cb2-42df-90e6-e838c3557883
portal inmobiliario,Providencia,06/18/2020,Aparment,usada,3,4,2,6750,122,55,3904,578,https://www.portalinmobiliario.com/MLC-533014407-suecia-lota-metro-los-leones-_JM#position=8&type=item&tracking_id=f973b25a-3cb2-42df-90e6-e838c3557883
portal inmobiliario,Providencia,04/05/2020,Aparment,usada,4,3,1,7000,143,48,4290,612,https://www.portalinmobiliario.com/venta/departamento/las-condes-metropolitana/5589423-maginifica-vistapiso-25orienteamplios-espaciosa-pasos-del-metrooportunidad-uda#position=27&type=item&tracking_id=f973b25a-3cb2-42df-90e6-e838c3557883
portal inmobiliario,Providencia,02/06/2020,Aparment,usada,3,2,1,6900,113,61,2486,360,https://www.portalinmobiliario.com/venta/departamento/providencia-metropolitana/5589440-genova-perdo-de-valdivia-uda#position=17&type=item&tracking_id=f973b25a-3cb2-42df-90e6-e838c3557883
portal inmobiliario,Providencia,06/22/2020,Aparment,usada,3,2,1,6423,100,64,2200,342,https://www.portalinmobiliario.com/venta/departamento/providencia-metropolitana/5591004-maravillosa-vista-av-santa-maria-uda#position=5&type=item&tracking_id=f973b25a-3cb2-42df-90e6-e838c3557883
portal inmobiliario,Providencia,07/02/2020,Aparment,usada,3,3,1,6388,130,49,3380,529,https://www.portalinmobiliario.com/venta/departamento/providencia-metropolitana/5413940-antonio-bellet-perez-valenzuela-uda#position=36&type=item&tracking_id=f973b25a-3cb2-42df-90e6-e838c3557883
portal inmobiliario,Providencia,06/15/2020,Aparment,usada,3,3,2,6388,110,58,3080,482,https://www.portalinmobiliario.com/MLC-532282511-departamento-en-venta-metro-pedro-de-valdivia-_JM#position=9&type=item&tracking_id=f973b25a-3cb2-42df-90e6-e838c3557883
portal inmobiliario,Providencia,06/19/2020,Aparment,usada,3,4,2,6944,130,53,4160,599,https://www.portalinmobiliario.com/MLC-533235072-lota-holanda-_JM#position=7&type=item&tracking_id=f973b25a-3cb2-42df-90e6-e838c3557883
portal inmobiliario,Providencia,06/25/2020,Aparment,usada,3,2,1,6990,210,33,4620,660,https://www.portalinmobiliario.com/venta/departamento/providencia-metropolitana/5683455-departamento-primer-piso-con-amplio-patio-privado-ubicado-en-pio-x-con-holanda-uda#position=3&type=item&tracking_id=f973b25a-3cb2-42df-90e6-e838c3557883
portal inmobiliario,Providencia,08/06/2020,Aparment,usada,4,2,1,6400,153,41,3978,621,https://www.portalinmobiliario.com/venta/departamento/providencia-metropolitana/5654949-miguel-claro-con-bilbao-uda#position=11&type=item&tracking_id=f973b25a-3cb2-42df-90e6-e838c3557883
portal inmobiliario,Providencia,03/18/2020,Aparment,usada,3,3,3,6523,104,62,3120,478,https://www.portalinmobiliario.com/MLC-522359193-propiedad-en-arturo-claro-parque-ines-de-suarez-_JM#position=32&type=item&tracking_id=f973b25a-3cb2-42df-90e6-e838c3557883
portal inmobiliario,Providencia,05/17/2020,Aparment,usada,4,3,1,6975,126,55,3780,541,https://www.portalinmobiliario.com/venta/departamento/providencia-metropolitana/5615079-metro-los-leones-uda#position=22&type=item&tracking_id=f973b25a-3cb2-42df-90e6-e838c3557883
portal inmobiliario,Providencia,06/22/2020,Aparment,usada,4,3,1,7000,143,48,4290,612,https://www.portalinmobiliario.com/venta/departamento/las-condes-metropolitana/5607764-maginifica-vistapiso-25orienteamplios-espaciosa-pasos-del-metrooportunidad-uda#position=4&type=item&tracking_id=f973b25a-3cb2-42df-90e6-e838c3557883
portal inmobiliario,Providencia,05/06/2020,Aparment,usada,3,2,1,6875,115,59,2530,368,https://www.portalinmobiliario.com/venta/departamento/providencia-metropolitana/5650436-a-pasos-metro-manuel-montt-uda#position=12&type=item&tracking_id=f973b25a-3cb2-42df-90e6-e838c3557883
portal inmobiliario,Providencia,12/05/2020,Aparment,usada,4,2,1,7000,111,63,2886,412,https://www.portalinmobiliario.com/venta/departamento/providencia-metropolitana/5609587-suecia-carlos-antunez-recien-remodelado-uda#position=40&type=item&tracking_id=f973b25a-3cb2-42df-90e6-e838c3557883
portal inmobiliario,Providencia,10/05/2020,Aparment,usada,3,2,1,6250,105,59,2310,369,https://www.portalinmobiliario.com/venta/departamento/providencia-metropolitana/5603952-metro-pedro-de-valdivia-uda#position=24&type=item&tracking_id=f973b25a-3cb2-42df-90e6-e838c3557883
portal inmobiliario,Providencia,11/03/2020,Aparment,usada,4,3,1,7000,143,48,4290,612,https://www.portalinmobiliario.com/venta/departamento/las-condes-metropolitana/5497948-maginifica-vistapiso-25orienteamplios-espaciosa-pasos-del-metrooportunidad-uda#position=34&type=item&tracking_id=f973b25a-3cb2-42df-90e6-e838c3557883
portal inmobiliario,Providencia,03/26/2020,Aparment,usada,3,3,2,6900,120,57,3360,486,https://www.portalinmobiliario.com/MLC-522728812-propiedad-en-lotalos-leones-_JM#position=30&type=item&tracking_id=f973b25a-3cb2-42df-90e6-e838c3557883
portal inmobiliario,Providencia,04/06/2020,Aparment,usada,3,2,1,6900,104,66,2288,331,https://www.portalinmobiliario.com/venta/departamento/providencia-metropolitana/5645895-ricardo-lyon-bustos-uda#position=15&type=item&tracking_id=f973b25a-3cb2-42df-90e6-e838c3557883
portal inmobiliario,Providencia,12/05/2020,Aparment,usada,3,2,1,6450,100,64,2200,341,https://www.portalinmobiliario.com/venta/departamento/providencia-metropolitana/5607307-roman-diaz-manuel-a-maira-uda#position=23&type=item&tracking_id=f973b25a-3cb2-42df-90e6-e838c3557883
portal inmobiliario,Providencia,03/01/2020,Aparment,usada,3,3,2,6790,100,67,2800,412,https://www.portalinmobiliario.com/MLC-518231503-propiedad-en-metro-pedro-de-valdivia-_JM#position=38&type=item&tracking_id=f973b25a-3cb2-42df-90e6-e838c3557883
portal inmobiliario,Providencia,02/07/2020,Aparment,usada,3,2,1,6580,104,63,2288,347,https://www.portalinmobiliario.com/venta/departamento/providencia-metropolitana/5669728-francisco-bilbao-ricardo-lyon-uda#position=2&type=item&tracking_id=f973b25a-3cb2-42df-90e6-e838c3557883
portal inmobiliario,Providencia,06/13/2020,Aparment,usada,3,2,1,6500,102,63,2244,345,https://www.portalinmobiliario.com/venta/departamento/providencia-metropolitana/5662665-barrio-italia-metro-estacion-santa-isabel-y-parque-bustamante-uda#position=10&type=item&tracking_id=f973b25a-3cb2-42df-90e6-e838c3557883
portal inmobiliario,Providencia,03/07/2020,Aparment,usada,3,2,1,6500,100,65,2200,338,https://www.portalinmobiliario.com/venta/departamento/providencia-metropolitana/5695376-barrio-italia-metro-estacion-santa-isabel-y-parque-bustamante-barrio-italia-providencia-uda#position=1&type=item&tracking_id=f973b25a-3cb2-42df-90e6-e838c3557883
portal inmobiliario,Providencia,04/30/2020,Aparment,usada,4,2,1,5729,101,56,2626,458,https://www.portalinmobiliario.com/venta/departamento/providencia-metropolitana/5586546-doctor-roberto-del-rio-970-uda#position=28&type=item&tracking_id=f973b25a-3cb2-42df-90e6-e838c3557883
portal inmobiliario,Providencia,05/26/2020,Aparment,usada,3,2,1,6900,113,61,2486,360,https://www.portalinmobiliario.com/venta/departamento/providencia-metropolitana/5631559-genova-perdo-de-valdivia-uda#position=19&type=item&tracking_id=f973b25a-3cb2-42df-90e6-e838c3557883
portal inmobiliario,Las Condes,05/03/2020,Aparment,usada,4,3,2,6944,135,51,4320,622,https://www.portalinmobiliario.com/venta/departamento/las-condes-metropolitana/5461677-cercano-a-metros-escuela-militar-y-metro-colon-uda#position=20&type=item&tracking_id=d43fd5fe-c26d-4f4e-a916-f4bfaf3edcf1
portal inmobiliario,Las Condes,03/18/2020,Aparment,usada,3,3,2,6600,110,60,3080,466,https://www.portalinmobiliario.com/MLC-522359347-propiedad-en-manquehue-oportunidad-_JM#position=18&type=item&tracking_id=d43fd5fe-c26d-4f4e-a916-f4bfaf3edcf1
portal inmobiliario,Las Condes,04/28/2020,Aparment,usada,3,3,2,6900,120,57,3360,486,https://www.portalinmobiliario.com/venta/departamento/las-condes-metropolitana/5581539-las-condesmall-sport2-estacionamientos-uda#position=13&type=item&tracking_id=d43fd5fe-c26d-4f4e-a916-f4bfaf3edcf1
portal inmobiliario,Las Condes,05/05/2020,Aparment,usada,3,3,2,6900,120,57,3360,486,https://www.portalinmobiliario.com/venta/departamento/las-condes-metropolitana/5593365-las-condesmall-sport2-estacionamientos-uda#position=12&type=item&tracking_id=d43fd5fe-c26d-4f4e-a916-f4bfaf3edcf1
portal inmobiliario,Las Condes,03/07/2020,Aparment,usada,3,2,1,7000,105,66,2310,330,https://www.portalinmobiliario.com/venta/departamento/las-condes-metropolitana/5697045-san-cresente-100-uda#position=1&type=item&tracking_id=d43fd5fe-c26d-4f4e-a916-f4bfaf3edcf1
portal inmobiliario,Las Condes,11/06/2020,Aparment,usada,3,2,1,7000,102,68,2244,320,https://www.portalinmobiliario.com/venta/departamento/las-condes-metropolitana/5659107-vendo-departamento-remodelado-3-dormitorios-en-san-crescente-golf-sur-uda#position=6&type=item&tracking_id=d43fd5fe-c26d-4f4e-a916-f4bfaf3edcf1
portal inmobiliario,Las Condes,06/30/2020,Aparment,usada,3,2,2,6900,108,63,2592,375,https://www.portalinmobiliario.com/venta/departamento/las-condes-metropolitana/5689558-robinson-crusoe-cristobal-colon-uda#position=28&type=item&tracking_id=d43fd5fe-c26d-4f4e-a916-f4bfaf3edcf1
portal inmobiliario,Las Condes,05/15/2020,Aparment,usada,3,3,2,6600,110,60,3080,466,https://www.portalinmobiliario.com/MLC-527160290-propiedad-en-manquehue-oportunidad-_JM#position=10&type=item&tracking_id=d43fd5fe-c26d-4f4e-a916-f4bfaf3edcf1
portal inmobiliario,Las Condes,03/18/2020,Aparment,usada,4,5,3,6900,120,57,5040,730,https://www.portalinmobiliario.com/MLC-522359348-propiedad-en-pontevedra-nor-oriente-_JM#position=17&type=item&tracking_id=d43fd5fe-c26d-4f4e-a916-f4bfaf3edcf1
portal inmobiliario,Las Condes,02/20/2020,Aparment,usada,3,3,1,6900,108,63,2808,406,https://www.portalinmobiliario.com/venta/departamento/las-condes-metropolitana/4669474-metro-colon-uda#position=23&type=item&tracking_id=d43fd5fe-c26d-4f4e-a916-f4bfaf3edcf1
portal inmobiliario,Las Condes,05/24/2020,Aparment,usada,3,2,1,6800,100,68,2200,323,https://www.portalinmobiliario.com/venta/departamento/las-condes-metropolitana/5627159-mar-del-sur-cristobal-colon-uda#position=9&type=item&tracking_id=d43fd5fe-c26d-4f4e-a916-f4bfaf3edcf1
portal inmobiliario,Las Condes,04/04/2020,Aparment,usada,4,3,1,5381,114,47,3420,635,https://www.portalinmobiliario.com/venta/departamento/las-condes-metropolitana/5542891-iv-centenario-afleming-uda#position=15&type=item&tracking_id=d43fd5fe-c26d-4f4e-a916-f4bfaf3edcf1
portal inmobiliario,Las Condes,09/06/2020,Aparment,usada,3,3,1,6944,120,57,3120,449,https://www.portalinmobiliario.com/venta/departamento/las-condes-metropolitana/5593259-rotonda-atenas-cristobal-colon-uda#position=7&type=item&tracking_id=d43fd5fe-c26d-4f4e-a916-f4bfaf3edcf1
portal inmobiliario,Las Condes,10/09/2019,Aparment,usada,4,3,1,6800,114,59,3420,502,https://www.portalinmobiliario.com/venta/departamento/las-condes-metropolitana/5067096-avenida-cristobal-colon-3940-departamento-713-uda#position=27&type=item&tracking_id=d43fd5fe-c26d-4f4e-a916-f4bfaf3edcf1
portal inmobiliario,Las Condes,06/26/2020,Aparment,usada,3,2,1,6700,102,65,2244,334,https://www.portalinmobiliario.com/venta/departamento/las-condes-metropolitana/5683945-los-militares-noruega-uda#position=5&type=item&tracking_id=d43fd5fe-c26d-4f4e-a916-f4bfaf3edcf1
portal inmobiliario,Las Condes,01/23/2020,Aparment,usada,4,3,1,6597,104,63,3120,472,https://www.portalinmobiliario.com/venta/departamento/las-condes-metropolitana/5372641-tomas-moro-monrroe-uda#position=25&type=item&tracking_id=d43fd5fe-c26d-4f4e-a916-f4bfaf3edcf1
portal inmobiliario,Las Condes,01/07/2020,Aparment,usada,3,2,1,6800,100,68,2200,323,https://www.portalinmobiliario.com/venta/departamento/las-condes-metropolitana/5692445-mar-del-sur-uda#position=3&type=item&tracking_id=d43fd5fe-c26d-4f4e-a916-f4bfaf3edcf1
portal inmobiliario,Las Condes,03/18/2020,Aparment,usada,4,5,3,6900,120,57,5040,730,https://www.portalinmobiliario.com/MLC-522359380-propiedad-en-pontevedra-nor-oriente-_JM#position=16&type=item&tracking_id=d43fd5fe-c26d-4f4e-a916-f4bfaf3edcf1
portal inmobiliario,Las Condes,03/03/2020,Aparment,usada,3,2,1,7000,105,66,2310,330,https://www.portalinmobiliario.com/venta/departamento/las-condes-metropolitana/5470519-escuela-militar-uda#position=21&type=item&tracking_id=d43fd5fe-c26d-4f4e-a916-f4bfaf3edcf1
portal inmobiliario,Las Condes,11/03/2020,Aparment,usada,3,2,1,6250,102,61,2244,359,https://www.portalinmobiliario.com/venta/departamento/las-condes-metropolitana/5465283-mar-del-sur-colon-sebastian-el-cano-uda#position=19&type=item&tracking_id=d43fd5fe-c26d-4f4e-a916-f4bfaf3edcf1
portal inmobiliario,Las Condes,09/23/2019,Aparment,usada,3,3,2,6900,120,57,3360,486,https://www.portalinmobiliario.com/venta/departamento/las-condes-metropolitana/5084254-las-condesmall-sport2-estacionamientos-uda#position=26&type=item&tracking_id=d43fd5fe-c26d-4f4e-a916-f4bfaf3edcf1
portal inmobiliario,Las Condes,02/25/2020,Aparment,usada,3,2,1,6800,113,60,2486,365,https://www.portalinmobiliario.com/venta/departamento/las-condes-metropolitana/5453886-cristobal-colon-tobalaba-uda#position=22&type=item&tracking_id=d43fd5fe-c26d-4f4e-a916-f4bfaf3edcf1
portal inmobiliario,Las Condes,02/17/2020,Aparment,usada,3,2,1,7000,102,68,2244,320,https://www.portalinmobiliario.com/venta/departamento/las-condes-metropolitana/5431023-americo-vespucio-apoquindo-escuela-militar--uda#position=24&type=item&tracking_id=d43fd5fe-c26d-4f4e-a916-f4bfaf3edcf1
portal inmobiliario,Las Condes,04/23/2020,Aparment,usada,3,3,2,6901,100,69,2800,405,https://www.portalinmobiliario.com/MLC-524430457-departamento-en-venta-metro-hernando-de-magallanes-_JM#position=14&type=item&tracking_id=d43fd5fe-c26d-4f4e-a916-f4bfaf3edcf1
portal inmobiliario,Las Condes,12/05/2020,Aparment,usada,3,2,1,6486,112,57,2464,379,https://www.portalinmobiliario.com/venta/departamento/las-condes-metropolitana/5567352-martin-alonso-pinzon-5020-departamento-36-uda#position=11&type=item&tracking_id=d43fd5fe-c26d-4f4e-a916-f4bfaf3edcf1
portal inmobiliario,Las Condes,03/07/2020,Aparment,usada,3,3,1,6850,111,61,2886,421,https://www.portalinmobiliario.com/venta/departamento/las-condes-metropolitana/5695864-sebastian-elcano-cristobal-colon-uda#position=2&type=item&tracking_id=d43fd5fe-c26d-4f4e-a916-f4bfaf3edcf1
portal inmobiliario,Las Condes,06/26/2020,Aparment,usada,3,2,1,6534,102,64,2244,343,https://www.portalinmobiliario.com/venta/departamento/las-condes-metropolitana/5685301-rotonda-atenas-colon-uda#position=4&type=item&tracking_id=d43fd5fe-c26d-4f4e-a916-f4bfaf3edcf1
