web-scraper-order,web-scraper-start-url,item,item-href,Name,Price,MtTot,MtUtil,Bdroom,Bath,Parking,Description,PriceUnit,Province,PropertyType,PropertyState,PublishedDate,pages,pages-href
"1594169434-335","https://www.portalinmobiliario.com/venta/departamento/mas-de-3-dormitorios/huechuraba-metropolitana/_OrderId_BEGINS*DESC_PriceRange_4000CLF-7000CLF_PARKING*LOTS_1-*_TOTAL*AREA_100m%C2%B2-*","UF 6.000","https://www.portalinmobiliario.com/venta/departamento/huechuraba-metropolitana/5634026-camino-de-cintura-huechuraba-departamento-1467-uda#position=27&type=item&tracking_id=f8a93820-f54f-4e81-bd59-3b87761810c2","Departamentos en Venta en Huechuraba, 3 dormitorios o más","6.000","120 m²","110 m²","3","2","1","Descripción
			
			
			
	

	

	
	
		Amplio departamento, como nuevo, excelente vista.","UF","Huechuraba","...","...","27-05-2020","",""
"1594169485-359","https://www.portalinmobiliario.com/venta/departamento/mas-de-3-dormitorios/huechuraba-metropolitana/_OrderId_BEGINS*DESC_PriceRange_4000CLF-7000CLF_PARKING*LOTS_1-*_TOTAL*AREA_100m%C2%B2-*","UF 5.990","https://www.portalinmobiliario.com/venta/departamento/huechuraba-metropolitana/5698027-bosques-de-la-piramide-ciudad-empresarial-uda#position=3&type=item&tracking_id=f8a93820-f54f-4e81-bd59-3b87761810c2","Departamentos en Venta en Huechuraba, 3 dormitorios o más","5.990","153 m²","136 m²","3","2","1","Descripción
			
			
			
	

	

	
	
		BUENA OPORTUNIDAD PARA INVERSIONISTAS , VENTA CON ARRENDATARIO HASTA ABRIL 2021 , 580 MIL ARRIENDO CON SEGURO DE ARRIENDO CONTRATADO

PARA INFO LLAMAR AL 953565515

Estacionamientos y bodegas 
 Estacionamientos: 1
Bodegas: 1","UF","Huechuraba","...","...","03-07-2020","",""
"1594169487-360","https://www.portalinmobiliario.com/venta/departamento/mas-de-3-dormitorios/huechuraba-metropolitana/_OrderId_BEGINS*DESC_PriceRange_4000CLF-7000CLF_PARKING*LOTS_1-*_TOTAL*AREA_100m%C2%B2-*","UF 6.090","https://www.portalinmobiliario.com/venta/departamento/huechuraba-metropolitana/5706451-venta-dep-3-dorm-3-banos-bosques-de-la-piramide-peperchase-uda#position=2&type=item&tracking_id=f8a93820-f54f-4e81-bd59-3b87761810c2","Departamentos en Venta en Huechuraba, 3 dormitorios o más","6.090","146 m²","146 m²","3","3","1","Descripción
			
			
			
	

	

	
	
		LA MEJOR VISTA A CLUB ECUESTRE
ESTUPENDO DEPARTAMENTO , FINAS TERMINACIONES , AMPLIO HALL , GRAN SUITE, COCINA LUMINOSA
3 DORMITORIOS Y 3 BAÑOS

Estacionamientos y bodegas
Estacionamientos: 1
Bodegas: 1

Estacionamientos y bodegas 
 Estacionamientos: 1
Bodegas: 1","UF","Huechuraba","...","...","07-07-2020","",""
"1594169466-350","https://www.portalinmobiliario.com/venta/departamento/mas-de-3-dormitorios/huechuraba-metropolitana/_OrderId_BEGINS*DESC_PriceRange_4000CLF-7000CLF_PARKING*LOTS_1-*_TOTAL*AREA_100m%C2%B2-*","$ 177.000.000","https://www.portalinmobiliario.com/venta/departamento/huechuraba-metropolitana/5675741-bosques-de-la-piramide-uda#position=12&type=item&tracking_id=f8a93820-f54f-4e81-bd59-3b87761810c2","Departamentos en Venta en Huechuraba, 3 dormitorios o más","177.000.000","144 m²","126 m²","3","2","2","Descripción
			
			
			
	

	

	
	
		LINDO DEPTO , EN BOSQUES , LUMINOSO , LINDAS VISTAS 
TERRAZA AMPLIA
3 DORM , 2 BAÑOS , 2 ESTACIONAMIENTOS 
LLAMAR AL 953565515

Estacionamientos y bodegas 
 Estacionamientos: 2
Bodegas: 1","$","Huechuraba","...","...","21-06-2020","",""
"1594169470-352","https://www.portalinmobiliario.com/venta/departamento/mas-de-3-dormitorios/huechuraba-metropolitana/_OrderId_BEGINS*DESC_PriceRange_4000CLF-7000CLF_PARKING*LOTS_1-*_TOTAL*AREA_100m%C2%B2-*","UF 6.990","https://www.portalinmobiliario.com/venta/departamento/huechuraba-metropolitana/5681338-av-del-parque-comodos-espacios-vista-despejada-uda#position=10&type=item&tracking_id=f8a93820-f54f-4e81-bd59-3b87761810c2","Departamentos en Venta en Huechuraba, 3 dormitorios o más","6.990","128 m²","105 m²","3","3","2","Descripción
			
			
			
	

	

	
	
		Estupendo departamento, en sólido edificio de Almagro, muy cómodo y con una excelente distribución. En un barrio muy tranquilo y familiar, cerca de todo tipo de comercio, plazas y colegios.
Amplio hall de acceso, living comedor de buen tamaño y muy luminoso, y con una agradable vista despejada. Cocina muy cómoda y bien equipada, comedor de diario y loggia.
El departamento cuenta con 3 dormitorios, el principal en suite, con walking closet, y amplio baño, el dormitorio es espacioso e incluye 2 muebles empotrados, un respaldo con veladores, y un rack para la TV y decoración. Sale a amplia terraza que fue cerrada para ganar un recinto adicional de esparcimiento familiar. El segundo dormitorio también sale a esta agradable terraza, y tiene su baño completo. 
Luego el tercer dormitorio o de servicio, al cual se accede por el hall de entrada, tiene buen tamaño, un closet muy grande, y su respectivo baño. 
Cuenta con 2 estacionamientos y 1 bodega, todos en el primer subterráneo. Gastos comunes 200.000, por período de cuarentena se reducirán a 180.000. El departamento cuenta con calefacción central por losa, pero se acordó que por este invierno no se utilizaría.
El condominio es familiar, con áreas verdes y piscina, estacionamientos de visitas, conserjería 24/7, muy buena comunidad.

Terminaciones 
Piso baños: porcelanato
Piso dormitorios: piso flotante

Suministros 
Agua caliente: central agua caliente
Calefacción: losa radiante

Características propiedad 
comedor de diario, hall, cocina amoblada, cocina equipada, persianas

Características comunidad 
accesos controlados, áreas verdes, citófono, estacionamiento de visitas, piscina, portón eléctrico

Gastos 
Contribuciones: $ 150.000
Gastos comunes: $ 200.000

Estacionamientos y bodegas 
 Estacionamientos: 2
Bodegas: 1","UF","Huechuraba","...","...","24-06-2020","",""
"1594169430-333","https://www.portalinmobiliario.com/venta/departamento/mas-de-3-dormitorios/huechuraba-metropolitana/_OrderId_BEGINS*DESC_PriceRange_4000CLF-7000CLF_PARKING*LOTS_1-*_TOTAL*AREA_100m%C2%B2-*","UF 6.400","https://www.portalinmobiliario.com/venta/departamento/huechuraba-metropolitana/5579495-camino-de-cintura-gran-patio-de-uso-exclusivo-2-estacionamientos-uda#position=29&type=item&tracking_id=f8a93820-f54f-4e81-bd59-3b87761810c2","Departamentos en Venta en Huechuraba, 3 dormitorios o más","6.400","252 m²","90 m²","3","2","2","Descripción
			
			
			
	

	

	
	
		DEL VALLE VENDE

Amplio departamento. Muy luminoso. Espectacular patio de uso exclusivo de 150 m2
Como nuevo, 2 años de uso.
3 habitaciones y dos baños.
Condominio cuenta con piscina, sala de eventos y juegos infantiles.

2 estacionamientos y bodega.

Gastos comunes $60.000

CONTACTO:

Exequiel González Palomo

Cel:      +56(9)94489338
email:  egonzalez@delvallepropiedades.cl
www.delvallepropiedades.cl


Estacionamientos y bodegas 
 Estacionamientos: 2
Bodegas: 1","UF","Huechuraba","...","...","27-05-2020","",""
"1594169409-323","https://www.portalinmobiliario.com/venta/departamento/mas-de-3-dormitorios/huechuraba-metropolitana/_OrderId_BEGINS*DESC_PriceRange_4000CLF-7000CLF_PARKING*LOTS_1-*_TOTAL*AREA_100m%C2%B2-*","UF 5.300","https://www.portalinmobiliario.com/venta/departamento/huechuraba-metropolitana/5606462-departamento-como-nuevo-recien-pintado-uda#position=39&type=item&tracking_id=f8a93820-f54f-4e81-bd59-3b87761810c2","Departamentos en Venta en Huechuraba, 3 dormitorios o más","5.300","130 m²","89 m²","3","2","1","Descripción
			
			
			
	

	

	
	
		Depto como nuevo y recién pintado, con gran patio propio! Orientación nor-oriente
Living comedor, sala de estar y dormitorios con piso flotante, resto departamento cerámica.
Cocina equipada y con espacio para lavavajillas y refrigerador de 2 puertas. Logia con lavadero.
2 calefactores eléctricos, 1 en dormitorio principal y otro en comedor, ambos conectados con sistema inalámbrico.
Condominio muy tranquilo y con áreas verdes muy bien mantenidas, piscina, grandes espacios para quincho, sala de eventos, gimnasio.
Estacionamiento y bodega.
A pocos pasos de Mall Plaza Norte, metro, locomoción, colegios y comercio.

Terminaciones 
Piso baños: cerámica
Piso dormitorios: piso flotante

Suministros 
Agua caliente: caldera
Calefacción: eléctrica

Características propiedad 
despensa, escritorio, loggia, cocina amoblada, cocina equipada

Características comunidad 
accesos controlados, áreas verdes, circuito cerrado de tv, citófono, estacionamiento de visitas, gimnasio, juegos infantiles, piscina, portón eléctrico, quincho, sala de eventos

Gastos 
Gastos comunes: $ 100.000

Otros suministros 
internet, señal satelital, teléfono, tv cable, wi-fi

Estacionamientos y bodegas 
 Estacionamientos: 1
Bodegas: 1","UF","Huechuraba","...","...","11-05-2020","",""
"1594169483-358","https://www.portalinmobiliario.com/venta/departamento/mas-de-3-dormitorios/huechuraba-metropolitana/_OrderId_BEGINS*DESC_PriceRange_4000CLF-7000CLF_PARKING*LOTS_1-*_TOTAL*AREA_100m%C2%B2-*","UF 6.400","https://www.portalinmobiliario.com/venta/departamento/huechuraba-metropolitana/5692177-bosques-de-la-piramide-cuidad-empresarial-3d2b-103-m2-tour-virtual-uda#position=4&type=item&tracking_id=f8a93820-f54f-4e81-bd59-3b87761810c2","Departamentos en Venta en Huechuraba, 3 dormitorios o más","6.400","103 m²","87 m²","3","2","1","Descripción
			
			
			
	

	

	
	
		Amplio y luminoso departamento con Espectacular Vista despejada a 5 minutos de Vitacura.

Distribución:

Hall de entrada, puerta divisoria vidriada,
Living comedor junto con salida a terraza.
3 dormitorios, principal en suite salida a terraza
Escritorio
Piso 10
Cocina con comedor de diario, equipada con encimera, horno y campana, cubiertas de granito, amoblada en bases y muros. Despensa. Logia.
Calefacción central, caldera.
estacionamiento subterráneo y bodega.


SEGURIDAD 24/7
EL CONDOMINIO CON ESTACIONAMIENTOS PARA VISITAS,PISCINA NIÑOS Y ADULTOS, PLAZA CON JUEGOS INFANTILES, QUINCHO, SECTOR DE FOGATA,SALÓN DE EVENTOS, SALA DE CINE.
AUTO-LAVADO PARA AUTOMÓVILES.





Terminaciones
Piso baños: baldosa
Piso dormitorios: piso flotante

Suministros
Agua caliente: central agua caliente
Calefacción: otro

Características propiedad
alarma, comedor de diario, escritorio, hall, loggia, terraza con malla, cocina amoblada, cocina equipada

Características comunidad
accesos controlados, áreas verdes, circuito cerrado de tv, citófono, estacionamiento de visitas, gimnasio, piscina, portón eléctrico, quincho, sala de cine, sala de eventos



Otros suministros
internet, señal satelital, teléfono, tv cable, wi-fi

Estacionamientos y bodegas 
 Estacionamientos: 1
Bodegas: 1","UF","Huechuraba","...","...","01-07-2020","",""
"1594169351-306","https://www.portalinmobiliario.com/venta/departamento/mas-de-3-dormitorios/huechuraba-metropolitana/_OrderId_BEGINS*DESC_PriceRange_4000CLF-7000CLF_PARKING*LOTS_1-*_TOTAL*AREA_100m%C2%B2-*","UF 5.800","https://www.portalinmobiliario.com/venta/departamento/huechuraba-metropolitana/5185162-impecable-departamento-camino-cintura-uda#position=6&type=item&tracking_id=e94ee454-ac19-425c-8b9c-4acf3eecae8d","Departamentos en Venta en Huechuraba, 3 dormitorios o más","5.800","112 m²","100 m²","3","2","1","Descripción
			
			
			
	

	

	
	
		IMPECABLE DEPARTAMENTO, VISTA DESPEJADA, EL EDIFICIO CUENTA CON ÁREAS VERDES, JUEGOS INFANTILES, QUINCHOS, PISCINA, SALA MULTIUSO, ESTACIONAMIENTO DE VISITAS.

Hall de entrada, puerta divisoria de acceso al living comedor, cocina amoblada y equipada con comedor de diario, logia, tres amplios dormitorios uno de ellos en suite con walking closet, segundo baño completo.

Un estacionamiento, bodega.

ORIENTE, VISTA PRIVILEGIADA.

Características propiedad 
comedor de diario, hall, cocina amoblada, cocina equipada

Características comunidad 
accesos controlados, áreas verdes, circuito cerrado de tv, citófono, estacionamiento de visitas, juegos infantiles, piscina, quincho, sala de eventos

Gastos 
Contribuciones: $ 100.000
Gastos comunes: $ 95.000

Estacionamientos y bodegas 
 Estacionamientos: 1
Bodegas: 1","UF","Huechuraba","...","...","09-03-2020","2","https://www.portalinmobiliario.com/venta/departamento/mas-de-3-dormitorios/huechuraba-metropolitana/_Desde_51_OrderId_BEGINS*DESC_PriceRange_4000CLF-7000CLF_PARKING*LOTS_1-*_TOTAL*AREA_100m%C2%B2-*"
"1594169426-331","https://www.portalinmobiliario.com/venta/departamento/mas-de-3-dormitorios/huechuraba-metropolitana/_OrderId_BEGINS*DESC_PriceRange_4000CLF-7000CLF_PARKING*LOTS_1-*_TOTAL*AREA_100m%C2%B2-*","UF 6.300","https://www.portalinmobiliario.com/venta/departamento/huechuraba-metropolitana/5623148-bosques-de-la-piramide-uda#position=31&type=item&tracking_id=f8a93820-f54f-4e81-bd59-3b87761810c2","Departamentos en Venta en Huechuraba, 3 dormitorios o más","6.300","122 m²","117 m²","3","3","2","Descripción
			
			
			
	

	

	
	
		Excelente departamento en Condominio Bosques de la Pirámide, cercano a ciudad Empresarial, entorno rodeado de naturaleza.
Hall de entrada, living comedor, salida terraza muy buen tamaño, con muy linda vista 
Pasillo a Dormitorios, principal en suite ampliada, muy buenos closet, baño principal con ventana.
Los otros dos dormitorios buen tamaño, en el mas pequeño , cabe cama de dos plazas, ese dormitorio también es en suite.
Sur oriente. Sistema de calefacción con caldera independiente.
Dos estacionamientos subterráneos, tandem.
Bodega.


Terminaciones 
Piso baños: cerámica
Piso dormitorios: piso flotante

Suministros 
Agua caliente: calefón
Calefacción: caldera

Características propiedad 
terraza con malla, cocina amoblada, portón automático

Características comunidad 
accesos controlados, áreas verdes, circuito cerrado de tv, estacionamiento de visitas, juegos infantiles, piscina, portón eléctrico, quincho, sala de eventos

Gastos 
Gastos comunes: $ 160.000

Estacionamientos y bodegas 
 Estacionamientos: 2
Bodegas: 1","UF","Huechuraba","...","...","20-05-2020","",""
"1594169459-347","https://www.portalinmobiliario.com/venta/departamento/mas-de-3-dormitorios/huechuraba-metropolitana/_OrderId_BEGINS*DESC_PriceRange_4000CLF-7000CLF_PARKING*LOTS_1-*_TOTAL*AREA_100m%C2%B2-*","UF 6.150","https://www.portalinmobiliario.com/venta/departamento/huechuraba-metropolitana/5667622-vende-pedro-fontova-corredora-mejor-sector-no-dejar-de-ver-uda#position=15&type=item&tracking_id=f8a93820-f54f-4e81-bd59-3b87761810c2","Departamentos en Venta en Huechuraba, 3 dormitorios o más","6.150","100 m²","100 m²","3","2","2","Descripción
			
			
			
	

	

	
	
		EXCELENTE DEPARTAMENTO!!! VISTA PRIVILEGIADA!!!! MEJOR SECTOR!!! NOD EJAR DE VER

Hall de entrada, puerta divisoria, living comedor juntos con piso flotante.
Tres dormitorios principal en suite. Una baño completo.
Cocina con comedor de diario, amoblada en bases y muros, equipada con cocina encimera, horno y campana. Logia.

Dos estacionamientos descubiertos, una bodega.

EL CONDOMINIO CUENTA CON SEGURIDAD 24/7, PISCINA, GIMNASIO, SALÓN DE EVENTOS, ESTACIONAMIENTOS PARA VISITAS.

Características propiedad 
comedor de diario, hall, loggia, cocina amoblada, cocina equipada, portón automático

Características comunidad 
accesos controlados, citófono, estacionamiento de visitas, gimnasio, piscina, portón eléctrico, quincho, sala de eventos

Gastos 
Contribuciones: $ 140.000
Gastos comunes: $ 100.000

Estacionamientos y bodegas 
 Estacionamientos: 2
Bodegas: 1","UF","Huechuraba","...","...","16-06-2020","",""
"1594169453-344","https://www.portalinmobiliario.com/venta/departamento/mas-de-3-dormitorios/huechuraba-metropolitana/_OrderId_BEGINS*DESC_PriceRange_4000CLF-7000CLF_PARKING*LOTS_1-*_TOTAL*AREA_100m%C2%B2-*","UF 5.600","https://www.portalinmobiliario.com/venta/departamento/huechuraba-metropolitana/5658767-camino-de-cintura-disponibilidad-inmediata-uda#position=18&type=item&tracking_id=f8a93820-f54f-4e81-bd59-3b87761810c2","Departamentos en Venta en Huechuraba, 3 dormitorios o más","5.600","137 m²","120 m²","3","2","1","Descripción
			
			
			
	

	

	
	
		AMPLIO E IMPECABLE DEPTO.
Ubicado en el 1° piso, con 127 m2 totales, vista despejada (Suroriente).
- Cuenta con:
- 3 amplias y cómodas habitaciones, habitación principal en suite con amplio walking closet y salida a la terraza.
- 2 baños completos.
- Living y comedor juntos con una linda vista. 
- Cómoda cocina independiente, amoblada y totalmente equipada, con comedor diario y mucho espacio para almacenar. Logia independiente.
- Calefacción con radiadores en cada sector.
- Amplios closets en el pasillo para ropa blanca y/o despensa.
- 1 estacionamientos.
- 1 bodega.
Incluye: Barras de cortinas.
Valor de gastos comunes aprox $95.000 base.
Edificio cuenta con áreas en comunes tales como piscina, quinchos y sala multiuso.
Seguridad las 24 hrs.

Llámenos para agendar una visita!!!

Terminaciones 
Piso baños: porcelanato
Piso dormitorios: alfombra

Suministros 
Agua caliente: caldera
Calefacción: caldera

Características propiedad 
comedor de diario, loggia, cocina amoblada, cocina equipada

Características comunidad 
accesos controlados, circuito cerrado de tv, citófono, estacionamiento de visitas, piscina, quincho, sala de eventos

Gastos 
Gastos comunes: $ 95.000

Estacionamientos y bodegas 
 Estacionamientos: 1
Bodegas: 1","UF","Huechuraba","...","...","10-06-2020","",""
"1594169428-332","https://www.portalinmobiliario.com/venta/departamento/mas-de-3-dormitorios/huechuraba-metropolitana/_OrderId_BEGINS*DESC_PriceRange_4000CLF-7000CLF_PARKING*LOTS_1-*_TOTAL*AREA_100m%C2%B2-*","UF 5.300","https://www.portalinmobiliario.com/venta/departamento/huechuraba-metropolitana/5615361-berta-correa-los-libertadores-uda#position=30&type=item&tracking_id=f8a93820-f54f-4e81-bd59-3b87761810c2","Departamentos en Venta en Huechuraba, 3 dormitorios o más","5.300","230 m²","100 m²","3","2","1","Descripción
			
			
			
	

	

	
	
		Precioso y amplio departamento en Venta. Con Jardín privado
3 habitaciones
Principal en suite
2 baños
Cocina independiente con logia cerrada.
Living comedor que dan paso a linda y amplia terraza con jardin privado.
100 mts2 útiles
130 mts2 totales
Dentro de moderno condominio que cuenta con: Gimnasio, quincho, salón de eventos, piscina, jardines con juegos infantiles, conserjería, vigilancia 24/7 y estacionamiento de visitas

Terminaciones 
Piso baños: cerámica
Piso dormitorios: piso flotante

Características propiedad 
alarma, hall, loggia, cocina amoblada, cocina equipada

Características comunidad 
accesos controlados, áreas verdes, citófono, estacionamiento de visitas, gimnasio, juegos infantiles, piscina, quincho, sala de eventos

Estacionamientos y bodegas 
 Estacionamientos: 1
Bodegas: 1","UF","Huechuraba","...","...","21-05-2020","",""
"1594169388-313","https://www.portalinmobiliario.com/venta/departamento/mas-de-3-dormitorios/huechuraba-metropolitana/_OrderId_BEGINS*DESC_PriceRange_4000CLF-7000CLF_PARKING*LOTS_1-*_TOTAL*AREA_100m%C2%B2-*","UF 4.200","https://www.portalinmobiliario.com/venta/departamento/huechuraba-metropolitana/5554623-hermoso-departamento-en-pedro-fontova-uda#position=49&type=item&tracking_id=f8a93820-f54f-4e81-bd59-3b87761810c2","Departamentos en Venta en Huechuraba, 3 dormitorios o más","4.200","100 m²","100 m²","3","2","1","Descripción
			
			
			
	

	

	
	
		ASENJO PROPIEDADES VENDE HERMOSO DEPARTAMENTO
Hall de acceso, living comedor, cocina amoblada y equipada, 
Dormitorio principal, más dos dormitorios con baño completo, terraza

El condominio cuenta, piscinas, áreas verdes, ascensores.

Estacionamientos: 1
Bodega: 1

Metrajes apróximados!!!


Estacionamientos y bodegas 
 Estacionamientos: 1
Bodegas: 1","UF","Huechuraba","...","...","13-04-2020","",""
"1594169443-339","https://www.portalinmobiliario.com/venta/departamento/mas-de-3-dormitorios/huechuraba-metropolitana/_OrderId_BEGINS*DESC_PriceRange_4000CLF-7000CLF_PARKING*LOTS_1-*_TOTAL*AREA_100m%C2%B2-*","UF 4.500","https://www.portalinmobiliario.com/venta/departamento/huechuraba-metropolitana/5645787-lindo-departamento-inmejorable-ubicacion-ga-uda#position=23&type=item&tracking_id=f8a93820-f54f-4e81-bd59-3b87761810c2","Departamentos en Venta en Huechuraba, 3 dormitorios o más","4.500","107.04 m²","94.57 m²","3","2","1","Descripción
			
			
			
	

	

	
	
		LINDO DEPARTAMENTO MUY ILUMINADO; DENTRO DE CONDOMINIO EN EL MEJOR SECTOR DE HUECHURABA.

HALL DE ENTRADA; LIVING Y COMEDOR CON PISO FLOTANTE; TERRAZA; COCINA AMOBLADA Y EQUIPADA CON COMEDOR DE DIARIO ; LOGGIA; DORMITORIO PRINCIPAL EN SUITE CON WALKING CLOSET; DOS DORMITORIOS CON CLOSET MAS UN BAÑO COMPLETO.

EL CONDOMINIO CUENTA CON SEGURIDAD 24/7 ACCESOS CONTROLADOS; GRAN PISCINA; SALON DE EVENTOS; ESTACIONAMIENTO PARA VISITAS.

Estacionamientos y bodegas 
 Estacionamientos: 1
Bodegas: 1","UF","Huechuraba","...","...","04-06-2020","",""
"1594169420-328","https://www.portalinmobiliario.com/venta/departamento/mas-de-3-dormitorios/huechuraba-metropolitana/_OrderId_BEGINS*DESC_PriceRange_4000CLF-7000CLF_PARKING*LOTS_1-*_TOTAL*AREA_100m%C2%B2-*","UF 5.600","https://www.portalinmobiliario.com/venta/departamento/huechuraba-metropolitana/5613782-excelente-departamento-en-el-mejor-sector-pv-uda#position=34&type=item&tracking_id=f8a93820-f54f-4e81-bd59-3b87761810c2","Departamentos en Venta en Huechuraba, 3 dormitorios o más","5.600","122 m²","110 m²","4","3","2","Descripción
			
			
			
	

	

	
	
		Excelente Departamento, amplio y con muy buena distribución, en condominio muy seguro en sector de alta demanda.

Hall de acceso, living comedor juntos, cocina amoblada y equipada, logia integrada, baño de visitas, dormitorio principal en suite, tres dormitorios, baño completo, amplia terraza.

El condominio cuenta con accesos controlados; circuito cerrado de TV; Sala de eventos; Piscina; áreas verdes; y lavandería.

Se incluye en la venta una Bodega y dos estacionamientos de uso y goce exclusivo.

Características propiedad 
cocina amoblada

Características comunidad 
accesos controlados, áreas verdes, citófono, estacionamiento de visitas, piscina

Estacionamientos y bodegas 
 Estacionamientos: 2
Bodegas: 1","UF","Huechuraba","...","...","15-05-2020","",""
"1594169489-361","https://www.portalinmobiliario.com/venta/departamento/mas-de-3-dormitorios/huechuraba-metropolitana/_OrderId_BEGINS*DESC_PriceRange_4000CLF-7000CLF_PARKING*LOTS_1-*_TOTAL*AREA_100m%C2%B2-*","UF 6.100","https://www.portalinmobiliario.com/venta/departamento/huechuraba-metropolitana/5706816-pedro-fontova-el-carmen-tour-virtual-2-suite-4d4b-2-estacionamientos-175-m2-uda#position=1&type=item&tracking_id=f8a93820-f54f-4e81-bd59-3b87761810c2","Departamentos en Venta en Huechuraba, 3 dormitorios o más","6.100","175 m²","150 m²","4","4","2","Descripción
			
			
			
	

	

	
	
		Tour Virtual disponible !

Hermoso Departamento Excelente ubicación, a pasos de comercio, supermercados y áreas verdes
4 dormitorios (2 en suite), 4 baños
2 estacionamientos subterráneos, gran bodega 10 m2 app.
Orientación sur-oriente
Hall de entrada, puerta divisoria de acceso a living comedor, amplios ventanales con salida a la terraza, Baño de visitas.
Cocina amoblada, loggia cerrada y comedor de diario
Primer dormitorio en suite, con baño y closet.
Dormitorio principal con acceso a terraza, en suite, walk in closet, amplio baño con jacuzzi.
Segundo y tercer dormitorios con amplio ventanal Ambos con acceso a terraza.
Piso flotante en todo el departamento, calefacción centralizada.
Gastos comunes aprox. $200.000 (incluye agua caliente)

Edificio año 2013, cuenta con seguridad las 24 horas, 2 piscinas, sala de multiuso, quincho, estacionamientos de visitas, grandes áreas verdes, juegos infantiles.

Características propiedad
terraza con malla, cocina amoblada, cocina equipada

Características comunidad
accesos controlados, áreas verdes, circuito cerrado de tv, citófono, estacionamiento de visitas, juegos infantiles, multicancha, piscina, quincho, sala de eventos

Estacionamientos y bodegas
Estacionamientos: 2

Estacionamientos y bodegas 
 Estacionamientos: 2
Bodegas: 1","UF","Huechuraba","...","...","07-07-2020","",""
"1594169384-311","https://www.portalinmobiliario.com/venta/departamento/mas-de-3-dormitorios/huechuraba-metropolitana/_OrderId_BEGINS*DESC_PriceRange_4000CLF-7000CLF_PARKING*LOTS_1-*_TOTAL*AREA_100m%C2%B2-*","UF 6.200","https://www.portalinmobiliario.com/venta/departamento/huechuraba-metropolitana/5549256-departamento-con-patio-pedro-fontova-huechuraba-uda#position=1&type=item&tracking_id=e94ee454-ac19-425c-8b9c-4acf3eecae8d","Departamentos en Venta en Huechuraba, 3 dormitorios o más","6.200","152 m²","152 m²","3","2","2","Descripción
			
			
			
	

	

	
	
		Hermoso Departamento en primer piso de 152mt2 Ubicado en el mejor sector de Huechuraba, lugar tranquilo, cercano a supermercados y colegios, tiene 2 piscinas, 2 gimnasios, 2 salas de juegos, quinchos, sala de eventos, parque y juegos para niños.
 
Cuenta con:
Cocina equipada, comedor diario, logia con acceso a increíble patio trasero perteneciente al departamento.
Amplio Living-comedor con acceso a la terraza que cuenta con una hermosa vista al Valle.
3 dormitorios, principal con Walking closet mas closet adicional
2 baños completos, uno en suite y el otro de visita
Calefacción por calderas a través de radiadores
2 estacionamientos, Bodega amplia.
Coordina tu visita con los Corredores de Propiedades Diego Villavicencio al teléfono +569 3279 6867 Mail: diegov@sidneypropiedades.cl o Maritza Quiñones al teléfono +569 6567 4539 Mail: contacto@sidneypropiedades.cl


Suministros 
Agua caliente: caldera
Calefacción: caldera

Características propiedad 
comedor de diario, loggia, pieza de planchado, cocina amoblada, cocina equipada, persianas

Características comunidad 
accesos controlados, áreas verdes, citófono, estacionamiento de visitas, gimnasio, juegos infantiles, piscina, portón eléctrico, quincho, sala de eventos, sala de juegos

Gastos 
Gastos comunes: $ 110.000

Estacionamientos y bodegas 
 Estacionamientos: 2
Bodegas: 1","UF","Huechuraba","...","...","09-04-2020","2","https://www.portalinmobiliario.com/venta/departamento/mas-de-3-dormitorios/huechuraba-metropolitana/_Desde_51_OrderId_BEGINS*DESC_PriceRange_4000CLF-7000CLF_PARKING*LOTS_1-*_TOTAL*AREA_100m%C2%B2-*"
"1594169449-342","https://www.portalinmobiliario.com/venta/departamento/mas-de-3-dormitorios/huechuraba-metropolitana/_OrderId_BEGINS*DESC_PriceRange_4000CLF-7000CLF_PARKING*LOTS_1-*_TOTAL*AREA_100m%C2%B2-*","UF 6.500","https://www.portalinmobiliario.com/venta/departamento/huechuraba-metropolitana/5650301-vende-exclusivo-oportunidad-modelo-de-140-mts-uda#position=20&type=item&tracking_id=f8a93820-f54f-4e81-bd59-3b87761810c2","Departamentos en Venta en Huechuraba, 3 dormitorios o más","6.500","150 m²","150 m²","4","3","1","Descripción
			
			
			
	

	

	
	
		EXCELENTE DEPARTAMENTO !!! !!! CASI NUEVO..MEJOR SECTOR!! VISTA PRIVILEGIADA!!! 

Hall de entrada con piso flotante, puerta divisoria vidriada, amplio living comedor juntos con piso flotante con salida a terraza.
Baño de visitas. Cuatro dormitorios alfombrados, principal en suite con salida a terraza. Un baño completo.
Amplia cocina con cubierta de granito, comedor de diario, equipada con encimera, horno y campana, amoblada en bases y muros. Logia amoblada
Un estacionamiento descubierto y una bodega.
CALEFACCIÓN CENTRAL POR RADIADORES!!!!
FINAS TERMINACIONES!!!

UN ASCENSOR!!!! 
DOS DEPARTAMENTOS POR PISO!!!!

EL CONDOMINIO CUENTA CON SEGURIDAD 24/7, PISCINA , QUINCHO, GIMNASIO, SALONES DE EVENTOS, SALA DE REUNIONES, ESTACIONAMIENTOS DE VISITA.




Características propiedad 
comedor de diario, hall, loggia, cocina amoblada, cocina equipada, portón automático

Características comunidad 
accesos controlados, áreas verdes, citófono, estacionamiento de visitas, gimnasio, piscina, portón eléctrico, quincho, sala de eventos

Gastos 
Gastos comunes: $ 100.000

Estacionamientos y bodegas 
 Estacionamientos: 1
Bodegas: 1","UF","Huechuraba","...","...","05-06-2020","",""
"1594169378-310","https://www.portalinmobiliario.com/venta/departamento/mas-de-3-dormitorios/huechuraba-metropolitana/_OrderId_BEGINS*DESC_PriceRange_4000CLF-7000CLF_PARKING*LOTS_1-*_TOTAL*AREA_100m%C2%B2-*","UF 6.300","https://www.portalinmobiliario.com/venta/departamento/huechuraba-metropolitana/5548086-pedro-fontova-7788-uda#position=2&type=item&tracking_id=e94ee454-ac19-425c-8b9c-4acf3eecae8d","Departamentos en Venta en Huechuraba, 3 dormitorios o más","6.300","169 m²","139 m²","4","4","1","Descripción
			
			
			
	

	

	
	
		Hola! tenemos en VENTA este amplio Departamento, en exclusivo Condominio
ubicado en Pedro Fontova, comuna de Huechuraba.
Rodeado de áreas verdes, y a pasos de colegios, jardines infantiles, supermercados, farmacias, restaurantes, y parques. Uno de los mejor lugares para formar tu familia, y vivir en un lugar tranquilo. 
Edificio de solo 7 pisos, Son de 169 m2 totales, los cuales se conforman
con 139m2 útiles y 30m2 de terraza. Es decir, todo el espacio que buscas.

Y que tiene este buenísimo depto:
• 4 dormitorios.
• 4 baños.
• Gran Living Comedor.
• Terraza. 
• Cocina amoblada con horno eléctrico y encimera, con comedor se diario.
• Loggia.
• Calefacción por Loza radiante.
• Estacionamiento .
• Bodega

El condominio cuenta con:
• Sala de Eventos.
• Piscina.
• Quincho.
• Juegos Infantiles
• Seguridad 24/7
• Estacionamiento de Visitas.
• Portón eléctrico.
• Circuito cerrado de TV.
• Gastos comunes: $200 mil (promedio) Incluye agua caliente
• Precio VENTA: 6.300 UF
_ _ _ _ _ _ _ _ _ _ _ _ _ _ _ _ 
Quieres mas Información?
hola@polarispropiedades.cl
+569 30184180
Broker: Andrea Encina
+56 9 84291396
_ _ _ _ _ _ _ _ _ _ _ _ _ _ _ 


Terminaciones 
Piso baños: cerámica
Piso dormitorios: piso flotante

Suministros 
Calefacción: losa radiante

Características propiedad 
alarma, comedor de diario, hall, loggia, cocina amoblada

Características comunidad 
accesos controlados, áreas verdes, citófono, estacionamiento de visitas, gimnasio, juegos infantiles, piscina, portón eléctrico, quincho, sala de eventos, sala de juegos

Gastos 
Contribuciones: $ 150.000
Gastos comunes: $ 200.000

Estacionamientos y bodegas 
 Estacionamientos: 1
Bodegas: 1","UF","Huechuraba","...","...","08-04-2020","2","https://www.portalinmobiliario.com/venta/departamento/mas-de-3-dormitorios/huechuraba-metropolitana/_Desde_51_OrderId_BEGINS*DESC_PriceRange_4000CLF-7000CLF_PARKING*LOTS_1-*_TOTAL*AREA_100m%C2%B2-*"
"1594169422-329","https://www.portalinmobiliario.com/venta/departamento/mas-de-3-dormitorios/huechuraba-metropolitana/_OrderId_BEGINS*DESC_PriceRange_4000CLF-7000CLF_PARKING*LOTS_1-*_TOTAL*AREA_100m%C2%B2-*","UF 5.100","https://www.portalinmobiliario.com/venta/departamento/huechuraba-metropolitana/5615823-del-roble-1578-uda#position=33&type=item&tracking_id=f8a93820-f54f-4e81-bd59-3b87761810c2","Departamentos en Venta en Huechuraba, 3 dormitorios o más","5.100","100 m²","100 m²","3","2","1","Descripción
			
			
			
	

	

	
	
		VENDE SALVAT PROPIEDADES LTDA.
Lindo departamento, semi nuevo, en condominio bien organizado, con Piscinas, Gimnasio, Salón de Eventos y áreas verdes.
Tres dormitorios, principal en suite con walking closet, dos baños, living comedor, cocina amoblada y equipada, logia separada. El depto es de muy buen tamaño, bien conservado, piso flotante en toda la propiedad. Mallas de seguridad en todas las ventanas, terraza y balcón.
Terraza a la salida del living comedor y Balcón en el dormitorio principal, linda vista, ambiente agradable.
La propiedad se entrega con Cortinas y lámparas (Inventariado)
El departamento cuenta con Estacionamiento y Bodega.

Visitas contactar a Claudia Morgado +56983785166
Luis Alberto Salvat +56993238316

Terminaciones 
Piso baños: cerámica
Piso dormitorios: piso flotante

Suministros 
Agua caliente: caldera
Calefacción: caldera

Características propiedad 
hall, loggia, terraza con malla, cocina amoblada, cocina equipada, portón automático

Características comunidad 
accesos controlados, áreas verdes, circuito cerrado de tv, citófono, estacionamiento de visitas, gimnasio, juegos infantiles, piscina, portón eléctrico, sala de eventos

Otros suministros 
internet, señal satelital, teléfono, tv cable, wi-fi

Estacionamientos y bodegas 
 Estacionamientos: 1
Bodegas: 1","UF","Huechuraba","...","...","18-05-2020","",""
"1594169436-336","https://www.portalinmobiliario.com/venta/departamento/mas-de-3-dormitorios/huechuraba-metropolitana/_OrderId_BEGINS*DESC_PriceRange_4000CLF-7000CLF_PARKING*LOTS_1-*_TOTAL*AREA_100m%C2%B2-*","UF 4.990","https://www.portalinmobiliario.com/venta/departamento/huechuraba-metropolitana/5635109-hermoso-dpto-en-cond-gran-vista-al-valle-de-huechuraba-uda#position=26&type=item&tracking_id=f8a93820-f54f-4e81-bd59-3b87761810c2","Departamentos en Venta en Huechuraba, 3 dormitorios o más","4.990","125 m²","115 m²","3","2","1","Descripción
			
			
			
	

	

	
	
		Lindo departamento en 8 piso, gran vista, living y comedor con terraza y piso flotante, cocina amoblada y equipada. Tres dormitorios principal en suite, todos alfombrados, dos baños completos.

El condominio cuenta con piscina, salón de eventos, gimnasio, quinchos, lavanderas y juegos infantiles.

1 estacionamiento y 1 bodega 

Orientación Sur - Oriente

Estacionamientos y bodegas 
 Estacionamientos: 1
Bodegas: 1","UF","Huechuraba","...","...","28-05-2020","",""
"1594169393-315","https://www.portalinmobiliario.com/venta/departamento/mas-de-3-dormitorios/huechuraba-metropolitana/_OrderId_BEGINS*DESC_PriceRange_4000CLF-7000CLF_PARKING*LOTS_1-*_TOTAL*AREA_100m%C2%B2-*","UF 6.350","https://www.portalinmobiliario.com/venta/departamento/huechuraba-metropolitana/5557414-excelente-departamento-en-el-exclusivo-cond-bosques-de-la-piramide-uda#position=47&type=item&tracking_id=f8a93820-f54f-4e81-bd59-3b87761810c2","Departamentos en Venta en Huechuraba, 3 dormitorios o más","6.350","115 m²","115 m²","3","3","1","Descripción
			
			
			
	

	

	
	
		Excelente depto en condominio Bosques de la piramide, vista privilegiada al valle de la ciudad empresarial, cuenta con termo panel en todo el depto, iluminacion led, cortinas roller.
3 dormitorios, dos en suite
3 baños
cocina equipada y amoblada 
Piso flotante en excelente estado, en todas las areas comunes y en sus habitaciones
El condominio cuenta con grandes areas verdes comunes, juegos infantiles, multiples quinchos y mas de 9 piscinas
Interesados coordinar visita con
Mariela Morales
fono +56 9 77996607
mail marielamorales@mycgestion,cl

Estacionamientos y bodegas 
 Estacionamientos: 1
Bodegas: 1","UF","Huechuraba","...","...","14-04-2020","",""
"1594169317-302","https://www.portalinmobiliario.com/venta/departamento/mas-de-3-dormitorios/huechuraba-metropolitana/_OrderId_BEGINS*DESC_PriceRange_4000CLF-7000CLF_PARKING*LOTS_1-*_TOTAL*AREA_100m%C2%B2-*","UF 6.890","https://www.portalinmobiliario.com/venta/departamento/huechuraba-metropolitana/4666923-condominio-bosques-de-la-piramide-uda#position=10&type=item&tracking_id=e94ee454-ac19-425c-8b9c-4acf3eecae8d","Departamentos en Venta en Huechuraba, 3 dormitorios o más","6.890","156 m²","140 m²","4","3","1","Descripción
			
			
			
	

	

	
	
		Precioso departamento en Bosques de la Pirámide , remodelado , luminoso , piso nuevo , baños remodelados. 
4 dormitorios , 3 baños , 1 estacionamiento y 1 bodega
(comedor o 4 to dormitorio.) NO DEJAR DE VER
LLAMAR AL 9953565515


Estacionamientos y bodegas 
 Estacionamientos: 1
Bodegas: 1","UF","Huechuraba","...","...","20-01-2020","2","https://www.portalinmobiliario.com/venta/departamento/mas-de-3-dormitorios/huechuraba-metropolitana/_Desde_51_OrderId_BEGINS*DESC_PriceRange_4000CLF-7000CLF_PARKING*LOTS_1-*_TOTAL*AREA_100m%C2%B2-*"
"1594169390-314","https://www.portalinmobiliario.com/venta/departamento/mas-de-3-dormitorios/huechuraba-metropolitana/_OrderId_BEGINS*DESC_PriceRange_4000CLF-7000CLF_PARKING*LOTS_1-*_TOTAL*AREA_100m%C2%B2-*","UF 5.300","https://www.portalinmobiliario.com/venta/departamento/huechuraba-metropolitana/5555623-los-libertadores-7135-uda#position=48&type=item&tracking_id=f8a93820-f54f-4e81-bd59-3b87761810c2","Departamentos en Venta en Huechuraba, 3 dormitorios o más","5.300","130 m²","130 m²","3","2","1","Descripción
			
			
			
	

	

	
	
		VENDE SALVAT PROPIEDADES LTDA.
Excelente departamento ubicado en lindo condominio, bien organizado, con piscina, quinchos, salas multiuso, gimnasio, áreas verdes, juegos de niños. Orientación Nor Oriente.
El depto cuenta con estacionamiento y bodega..
Tiene tres dormitorios mas sala de estar, el dormitorio principal está en suite, con walking closet, los otros dormitorios son de buen tamaño.Dormitorio principal con calefactor eléctrico.
Cocina cerrada con logia separada, la logia tiene un lavadero, la cocina tiene espacio para refrigerador de dos puertas, lestá equipada con encimera, horno eléctrico y campana. Espacio para lavavajillas. En la logia hay una caldera.
Living comedor con piso flotante, estufa eléctrica mural,  tiene salida a la terraza que tiene buen tamaño con patio, 15 M2, el depto. se encuentra ubicado en primer piso.
Condominio con acceso controlado, conserjería las 24 horas,  excelente ubicación, cercano a 6 colegios de la zona, el mas cercano Grace College, supermercado Tottus.

Visitas contactar a Claudia Morgado +56983785166
Luis Alberto Salvat +56993238316
 

Terminaciones 
Piso baños: cerámica
Piso dormitorios: alfombra

Suministros 
Agua caliente: caldera
Calefacción: eléctrica

 
: 0

Características propiedad 
hall, loggia, sala de estar, cocina amoblada, cocina equipada

Características comunidad 
accesos controlados, áreas verdes, circuito cerrado de tv, citófono, estacionamiento de visitas, gimnasio, piscina, portón eléctrico, quincho, sala de eventos, sala de juegos

Gastos 
Gastos comunes: $ 110.000

Estacionamientos y bodegas 
 Estacionamientos: 1","UF","Huechuraba","...","...","14-04-2020","",""
"1594169476-355","https://www.portalinmobiliario.com/venta/departamento/mas-de-3-dormitorios/huechuraba-metropolitana/_OrderId_BEGINS*DESC_PriceRange_4000CLF-7000CLF_PARKING*LOTS_1-*_TOTAL*AREA_100m%C2%B2-*","UF 6.250","https://www.portalinmobiliario.com/venta/departamento/huechuraba-metropolitana/5690446-camino-de-cintura-pedro-fontova-uda#position=7&type=item&tracking_id=f8a93820-f54f-4e81-bd59-3b87761810c2","Departamentos en Venta en Huechuraba, 3 dormitorios o más","6.250","130 m²","118 m²","3","2","2","Descripción
			
			
			
	

	

	
	
		Gran departamento en Camino de cintura en Huechuraba.
3 dormitorios
2 baños
Dormitorio principal en suite con waking closet, terraza y baño
Living comedor con vista panorámica a Santiago
Cocina amoblada y equipada
Loggia
Calefacción por radiadores
Gasto común de $110.000
2 estacionamientos
Bodega
Contribuciones $90.000
Condominio con acceso controlado las 24 horas
Quincho, sala de eventos, sala de juegos, gimnasios, piscina, estacionamiento para visitas



Fonos y WatsApp:
+56993473157
+56994815232
+56999549095



E-Mail:
propiedadeshv@hotmail.com
hectorvaldesl@hotmail.com

Terminaciones 
Piso baños: porcelanato
Piso dormitorios: piso flotante

Suministros 
Agua caliente: central agua caliente
Calefacción: caldera

Características propiedad 
alarma, comedor de diario, hall, loggia, cocina amoblada, cocina equipada, portón automático

Características comunidad 
accesos controlados, áreas verdes, circuito cerrado de tv, citófono, estacionamiento de visitas, gimnasio, juegos infantiles, piscina, portón eléctrico, quincho, sala de eventos, sala de juegos

Gastos 
Gastos comunes: $ 110.000

Otros suministros 
internet, señal satelital, teléfono, tv cable, wi-fi

Estacionamientos y bodegas 
 Estacionamientos: 2
Bodegas: 1","UF","Huechuraba","...","...","30-06-2020","",""
"1594169479-356","https://www.portalinmobiliario.com/venta/departamento/mas-de-3-dormitorios/huechuraba-metropolitana/_OrderId_BEGINS*DESC_PriceRange_4000CLF-7000CLF_PARKING*LOTS_1-*_TOTAL*AREA_100m%C2%B2-*","UF 5.900","https://www.portalinmobiliario.com/venta/departamento/huechuraba-metropolitana/5690982-remodelado-y-muy-amplio-uda#position=6&type=item&tracking_id=f8a93820-f54f-4e81-bd59-3b87761810c2","Departamentos en Venta en Huechuraba, 3 dormitorios o más","5.900","140 m²","140 m²","3","3","2","Descripción
			
			
			
	

	

	
	
		Excelente ubicación residencial, cercana a supermercados, locales comerciales, colegios, locomocion
El condominio cuenta con destacadas y amplias áreas verdes, conserjería las 24 hs.,juegos infantiles, quinchos, salas de evento, piscinas
Características:
hall de entrada, cocina amoblada y equipada con mesones en granito, logia, gran living comedor ampliados hacia las terrazas, tres dormitorios, dos de ellos en suite con amplio W.C., tercer dormitorio y tercer baño
Te asesoramos con tu crédito hipotecario!!!

100-045

Estacionamientos y bodegas 
 Estacionamientos: 2
Bodegas: 1","UF","Huechuraba","...","...","01-07-2020","",""
"1594169432-334","https://www.portalinmobiliario.com/venta/departamento/mas-de-3-dormitorios/huechuraba-metropolitana/_OrderId_BEGINS*DESC_PriceRange_4000CLF-7000CLF_PARKING*LOTS_1-*_TOTAL*AREA_100m%C2%B2-*","UF 6.950","https://www.portalinmobiliario.com/venta/departamento/huechuraba-metropolitana/5592834-excelente-oportunidad-2-estacionamientos-uda#position=28&type=item&tracking_id=f8a93820-f54f-4e81-bd59-3b87761810c2","Departamentos en Venta en Huechuraba, 3 dormitorios o más","6.950","124 m²","97 m²","3","2","2","Descripción
			
			
			
	

	

	
	
		DEL VALLE PROPIEDADES VENDE!!! 
2 ESTACIONAMIENTOS

Amplio departamento con espectacular vista, piso 10, COMO NUEVO, año 2015, ubicado en el Condominio Actual Bosques de la Pirámide.
Condominio cuenta con 18 hectáreas de parque, añosos arboles, jardines y senderos. A 10 minutos de Vitacura y Metro Vespucio Norte.

3 amplios y luminoso dormitorios (principal en suite, con gran walk-in closet y gran terraza) y 2 baños
 sala de estar.

Amplia cocina con comedor de diario, cubierta de granito, totalmente equipada. Loggia.

Gran living-comedor, amplia terraza 
Calefacción por radiadores, piso flotante en todo el departamento..

Gastos comunes $220.000 aprox. (incluye agua caliente y calefacción). 2 estacionamientos subterráneos y 1 bodega.

Condominio cerrado con accesos controlados. conserjería y cámaras de vigilancia las 24 hrs., 2 piscinas, quincho, sala de cine, gimnasio, sala de eventos, áreas verdes y estacionamientos de visita.


Características propiedad
comedor de diario, sala de estar, hall, loggia, terraza con malla, cocina amoblada, cocina equipada, portón automático

Características comunidad
Accesos controlados, áreas verdes, circuito cerrado de tv, citófono, estacionamiento de visitas, gimnasio, juegos infantiles, piscina, portón eléctrico, quincho, sala de cine, sala de eventos, sala de juegos.

Terminaciones
Piso baños: porcelanato
Piso dormitorios: piso flotante

Suministros
Agua caliente: central agua caliente
Calefacción: caldera


Gastos
Gastos comunes: $ 220.000

Otros suministros
internet, wi-fi

Estacionamientos y bodegas
Estacionamientos: 2
Bodegas: 1

CONTACTO:
EXEQUIEL GONZÁLEZ
+56 9 94489338
egonzalez@delvallepropiedades.cl


Estacionamientos y bodegas 
 Estacionamientos: 2
Bodegas: 1","UF","Huechuraba","...","...","27-05-2020","",""
"1594169399-318","https://www.portalinmobiliario.com/venta/departamento/mas-de-3-dormitorios/huechuraba-metropolitana/_OrderId_BEGINS*DESC_PriceRange_4000CLF-7000CLF_PARKING*LOTS_1-*_TOTAL*AREA_100m%C2%B2-*","UF 5.630","https://www.portalinmobiliario.com/MLC-524380262-departamento-en-venta-pedro-fontova-_JM#position=44&type=item&tracking_id=f8a93820-f54f-4e81-bd59-3b87761810c2","Departamentos en Venta en Huechuraba, 3 dormitorios o más","5.630","114 m²","102 m²","3","3","2","Descripción
			
			
			
	

	

	
	
		Excelente departamento con acceso controlado 24 hrs. cercano Av. Pedro Fontova. DISTRIBUCIÓN: living comedor juntos, 3 dormitorios 2 baños principal en suite, cocina amoblada. TERMINACIONES: piso flotante en living comedor, dormitorios alfombrados, cubierta muebles de cocina postformada, terraza techada. calefacción por radiadores, caldera individual. EXTERIOR: 2 estacionamientos descubiertos, bodega,  El condominio cuenta con lavandería, sala de eventos, piscina.   Metrajes aproximados, valores sujetos a cambios.","UF","Huechuraba","...","...","22-04-2020","",""
"1594169455-345","https://www.portalinmobiliario.com/venta/departamento/mas-de-3-dormitorios/huechuraba-metropolitana/_OrderId_BEGINS*DESC_PriceRange_4000CLF-7000CLF_PARKING*LOTS_1-*_TOTAL*AREA_100m%C2%B2-*","UF 4.700","https://www.portalinmobiliario.com/venta/departamento/huechuraba-metropolitana/5662455-lindo-y-comodo-departamento-santa-marta-de-huechuraba-uda#position=17&type=item&tracking_id=f8a93820-f54f-4e81-bd59-3b87761810c2","Departamentos en Venta en Huechuraba, 3 dormitorios o más","4.700","106 m²","106 m²","3","2","1","Descripción
			
			
			
	

	

	
	
		¡¡¡Departamento en excelente estado!!!
Accesos controlados, seguridad 24/7
A pasos de supermercado, farmacias, colegios, strip center, locomoción a la puerta. 
El condominio cuenta con Sala de eventos y piscina para niños y adultos.
Amplias áreas verdes y juegos infantiles.
Estacionamiento de visitas.
Hall de acceso, con puerta separadora de ambientes.
Living y comedor juntos, cocina amoblada y equipada con horno y encimera. Terraza
Dormitorio Principal en suite con closet, dos dormitorios con closet, escritorio y segundo baño completo.
Una Bodega y dos estacionamientos.
Metraje aproximado
¡¡¡No deje de visitarlo!!!

Terminaciones 
Piso baños: cerámica
Piso dormitorios: alfombra

Características propiedad 
escritorio, hall, loggia, cocina amoblada, cocina equipada

Características comunidad 
accesos controlados, áreas verdes, citófono, estacionamiento de visitas, juegos infantiles, piscina, portón eléctrico, sala de eventos

Gastos 
Gastos comunes: $ 70.000

Estacionamientos y bodegas 
 Estacionamientos: 1
Bodegas: 1","UF","Huechuraba","...","...","12-06-2020","",""
"1594169462-348","https://www.portalinmobiliario.com/venta/departamento/mas-de-3-dormitorios/huechuraba-metropolitana/_OrderId_BEGINS*DESC_PriceRange_4000CLF-7000CLF_PARKING*LOTS_1-*_TOTAL*AREA_100m%C2%B2-*","UF 6.700","https://www.portalinmobiliario.com/venta/departamento/huechuraba-metropolitana/5667685-rinconada-el-salto-890-uda#position=14&type=item&tracking_id=f8a93820-f54f-4e81-bd59-3b87761810c2","Departamentos en Venta en Huechuraba, 3 dormitorios o más","6.700","130 m²","114 m²","3","3","1","Descripción
			
			
			
	

	

	
	
		En condomino Bosques de la Pirámide vendo preciosa propiedad impecable llegar e instalarse
Departamento precioso con vista linda despejada en un quinto piso.
cuenta con amplio living comedor , terraza de 12 mts con preciosa vista a un entorno natural
3 dormitorios dos estan en suite, el dormitorio matrimonial es muy grande con varios closet y vista preciosa
cocina con encimera,horno y campana, muebles de cocina nuevos, comedor de diario y, espacio para refrigerador de dos puertas
Todo el depto se encuentra con piso de flotante de buena calidad y muros pintados en buen estado
cuenta con estacionamiento y bodega privada
gasto común de $140.000 aprox
El condominio cuenta con amplias áreas verdes con bosque nativo, senderos, 5 piscinas de uso libre, conserjería las 24 hrs., varios estacionamiento de visita del edificio mas los disponibles dentro del condominio.
Se encuentra a pasos de la ciudad empresarial(bancos, restaurantes,supermercado totus) excelente conectividad a Providencia en 6 minutos y a 10 minutos de Vitacura



Terminaciones 
Piso baños: piso flotante
Piso dormitorios: piso flotante

Suministros 
Agua caliente: central agua caliente
Calefacción: caldera

 
: 16

Características propiedad 
comedor de diario, hall, loggia, terraza con malla, cocina amoblada, cocina equipada, portón automático

Características comunidad 
accesos controlados, áreas verdes, circuito cerrado de tv, citófono, estacionamiento de visitas, juegos infantiles, piscina, portón eléctrico, quincho, sala de eventos, sala de juegos

Gastos 
Contribuciones: $ 160.000
Gastos comunes: $ 140.000

Otros suministros 
internet, señal satelital, tv cable, wi-fi

Estacionamientos y bodegas 
 Estacionamientos: 1
Bodegas: 1","UF","Huechuraba","...","...","16-06-2020","",""
"1594169401-319","https://www.portalinmobiliario.com/venta/departamento/mas-de-3-dormitorios/huechuraba-metropolitana/_OrderId_BEGINS*DESC_PriceRange_4000CLF-7000CLF_PARKING*LOTS_1-*_TOTAL*AREA_100m%C2%B2-*","UF 5.300","https://www.portalinmobiliario.com/venta/departamento/huechuraba-metropolitana/5584195-los-libertadores-berta-correa-uda#position=43&type=item&tracking_id=f8a93820-f54f-4e81-bd59-3b87761810c2","Departamentos en Venta en Huechuraba, 3 dormitorios o más","5.300","154 m²","130 m²","3","2","1","Descripción
			
			
			
	

	

	
	
		Amplio depto recién pintado, con patio propio! Orientación nor-oriente

Living comedor, sala de estar y dormitorios con piso flotante, resto cerámica.
Cocina equipada con encimera, horno eléctrico y campana. Espacio para lavavajillas y refrigerador de 2 puertas. Logia con lavadero.
2 calefactores eléctricos, 1 en dormitorio principal y otro en comedor, ambos conectados con sistema inalámbrico.

Condominio muy tranquilo y con áreas verdes muy bien mantenidas, piscina, grandes espacios para quincho, sala de eventos, gimnasio.
Estacionamiento y bodega.

Como nuevo!!!!

Terminaciones 
Piso baños: cerámica
Piso dormitorios: piso flotante

Suministros 
Agua caliente: otro
Calefacción: eléctrica

Características propiedad 
despensa, hall, loggia, sala de estar, cocina amoblada, cocina equipada

Características comunidad 
accesos controlados, áreas verdes, circuito cerrado de tv, citófono, estacionamiento de visitas, gimnasio, juegos infantiles, piscina, portón eléctrico, quincho, sala de eventos, sala de juegos

Gastos 
Gastos comunes: $ 100.000

Otros suministros 
internet, señal satelital, teléfono, tv cable, wi-fi

Estacionamientos y bodegas 
 Estacionamientos: 1
Bodegas: 1","UF","Huechuraba","...","...","29-04-2020","",""
"1594169374-309","https://www.portalinmobiliario.com/venta/departamento/mas-de-3-dormitorios/huechuraba-metropolitana/_OrderId_BEGINS*DESC_PriceRange_4000CLF-7000CLF_PARKING*LOTS_1-*_TOTAL*AREA_100m%C2%B2-*","UF 4.150","https://www.portalinmobiliario.com/venta/departamento/huechuraba-metropolitana/5540039-linda-vista-sector-alta-demanda-dn-uda#position=3&type=item&tracking_id=e94ee454-ac19-425c-8b9c-4acf3eecae8d","Departamentos en Venta en Huechuraba, 3 dormitorios o más","4.150","102 m²","94 m²","3","2","2","Descripción
			
			
			
	

	

	
	
		Departamento con linda vista, en condominio alta demanda

Hall entrada, living comedor, Terraza, cocina amoblada y equipada, logia, dormitorio principal en suite con walk in closet, dos dormitorios con closet, baño completo.

El condominio cuenta con seguridad 24/7; accesos controlados; áreas verdes; salón de eventos y piscina

Características comunidad 
accesos controlados, estacionamiento de visitas, piscina, sala de eventos

Estacionamientos y bodegas 
 Estacionamientos: 2
Bodegas: 1","UF","Huechuraba","...","...","02-04-2020","2","https://www.portalinmobiliario.com/venta/departamento/mas-de-3-dormitorios/huechuraba-metropolitana/_Desde_51_OrderId_BEGINS*DESC_PriceRange_4000CLF-7000CLF_PARKING*LOTS_1-*_TOTAL*AREA_100m%C2%B2-*"
"1594169310-301","https://www.portalinmobiliario.com/venta/departamento/mas-de-3-dormitorios/huechuraba-metropolitana/_OrderId_BEGINS*DESC_PriceRange_4000CLF-7000CLF_PARKING*LOTS_1-*_TOTAL*AREA_100m%C2%B2-*","UF 6.300","https://www.portalinmobiliario.com/venta/departamento/huechuraba-metropolitana/5346093-camino-de-cintura-1409-uda#position=11&type=item&tracking_id=e94ee454-ac19-425c-8b9c-4acf3eecae8d","Departamentos en Venta en Huechuraba, 3 dormitorios o más","6.300","140 m²","130 m²","4","3","1","Descripción
			
			
			
	

	

	
	
		Departamento de 4 dormitorios, 3 baños, living comedor, hall, terraza, cocina equipada, comedor diario, 
loggia, estacionamiento, bodega, 130 M2, pisicina, sala eventos, gimnasio, áreas verdes, juegos infantiles, 
estacionamiento de visita, excelente estado

Terminaciones 
Piso baños: cerámica
Piso dormitorios: alfombra

Suministros 
Agua caliente: central agua caliente
Calefacción: otro

Características propiedad 
alarma, comedor de diario, hall, loggia, cocina equipada

Características comunidad 
accesos controlados, áreas verdes, circuito cerrado de tv, citófono, estacionamiento de visitas, gimnasio, juegos infantiles, panel solar, piscina, portón eléctrico, quincho, sala de eventos, sala de juegos

Gastos 
Gastos comunes: $ 100.000

Otros suministros 
internet, señal satelital, teléfono, tv cable, wi-fi

Estacionamientos y bodegas 
 Estacionamientos: 1
Bodegas: 1","UF","Huechuraba","...","...","12-01-2020","2","https://www.portalinmobiliario.com/venta/departamento/mas-de-3-dormitorios/huechuraba-metropolitana/_Desde_51_OrderId_BEGINS*DESC_PriceRange_4000CLF-7000CLF_PARKING*LOTS_1-*_TOTAL*AREA_100m%C2%B2-*"
"1594169474-354","https://www.portalinmobiliario.com/venta/departamento/mas-de-3-dormitorios/huechuraba-metropolitana/_OrderId_BEGINS*DESC_PriceRange_4000CLF-7000CLF_PARKING*LOTS_1-*_TOTAL*AREA_100m%C2%B2-*","UF 6.600","https://www.portalinmobiliario.com/venta/departamento/huechuraba-metropolitana/5685291-impecable-camino-de-cintura-uda#position=8&type=item&tracking_id=f8a93820-f54f-4e81-bd59-3b87761810c2","Departamentos en Venta en Huechuraba, 3 dormitorios o más","6.600","134 m²","120 m²","3","2","1","Descripción
			
			
			
	

	

	
	
		IMPECABLE...!!!
Impecable departamento con vista panorámica al Valle de Huechuraba, dentro de condominio con seguridad controlada las 24 horas, estacionamiento de visitas, piscina, salón de eventos, gimnasio, quinchos, áreas verdes y juegos infantiles, colectivo a la puerta.

Hall de acceso, living comedor con salida a la terraza, cocina amoblada y equipada con horno, encimera y campana, comedor de diario, logia.
Dormitorio principal en suite con amplio walk in closet y salida a la terraza
Dos dormitorios, baño completo, pasillo con closet.
Un estacionamiento.
Bodega.
Gastos comunes $115.000
Orientación Sur.

OTROS:
Caldera para calefacción por radiadores y agua caliente.
Ventanas de termopanel
Entrega inmediata.

Terminaciones 
Piso baños: cerámica
Piso dormitorios: alfombra

Suministros 
Agua caliente: caldera
Calefacción: caldera

Características propiedad 
comedor de diario, hall, loggia, cocina amoblada, cocina equipada

Características comunidad 
accesos controlados, áreas verdes, circuito cerrado de tv, citófono, estacionamiento de visitas, gimnasio, juegos infantiles, piscina, portón eléctrico, quincho, sala de eventos

Gastos 
Gastos comunes: $ 115.000

Otros suministros 
internet, señal satelital, teléfono, tv cable, wi-fi

Estacionamientos y bodegas 
 Estacionamientos: 1
Bodegas: 1","UF","Huechuraba","...","...","26-06-2020","",""
"1594169330-304","https://www.portalinmobiliario.com/venta/departamento/mas-de-3-dormitorios/huechuraba-metropolitana/_OrderId_BEGINS*DESC_PriceRange_4000CLF-7000CLF_PARKING*LOTS_1-*_TOTAL*AREA_100m%C2%B2-*","UF 5.990","https://www.portalinmobiliario.com/venta/departamento/huechuraba-metropolitana/4589590-condominio-bosques-de-la-piramide-uda#position=8&type=item&tracking_id=e94ee454-ac19-425c-8b9c-4acf3eecae8d","Departamentos en Venta en Huechuraba, 3 dormitorios o más","5.990","141 m²","126 m²","3","3","1","Descripción
			
			
			
	

	

	
	
		Muy Lindo depto en Bosques de la Pirámide , ampliado , buenas terminaciones, linda vista , acogedor , luminoso,
GRAN OPORTUNIDAD!!!!

3 DORM , 3 BAÑOS , ESTACIONAMIENTO Y BODEGA 
LLAMAR AL 9 53565515

Estacionamientos y bodegas 
 Estacionamientos: 1","UF","Huechuraba","...","...","20-01-2020","2","https://www.portalinmobiliario.com/venta/departamento/mas-de-3-dormitorios/huechuraba-metropolitana/_Desde_51_OrderId_BEGINS*DESC_PriceRange_4000CLF-7000CLF_PARKING*LOTS_1-*_TOTAL*AREA_100m%C2%B2-*"
"1594169403-320","https://www.portalinmobiliario.com/venta/departamento/mas-de-3-dormitorios/huechuraba-metropolitana/_OrderId_BEGINS*DESC_PriceRange_4000CLF-7000CLF_PARKING*LOTS_1-*_TOTAL*AREA_100m%C2%B2-*","UF 6.700","https://www.portalinmobiliario.com/venta/departamento/huechuraba-metropolitana/5587709-rinconada-el-salto-bosques-de-la-piramide-uda#position=42&type=item&tracking_id=f8a93820-f54f-4e81-bd59-3b87761810c2","Departamentos en Venta en Huechuraba, 3 dormitorios o más","6.700","110 m²","110 m²","3","2","1","Descripción
			
			
			
	

	

	
	
		Se vende espectacular departamento en Condominio Bosques de la Pirámide, Huechuraba.

Características:
3 dormitorios
2 baños
Living
Comedor
Cocina equipada
Gran terraza con vista despejada
Orientación Sur-Oriente
130 mt2 totales
1 estacionamiento
1 bodega 

El condominio cuenta con: acceso controlado, vigilancia 24/7, gimnasio, piscina, salón de eventos, quinchos, senderos para caminar.

Valor: UF 6.700 conversable 
Gastos comunes: $150.000

Interesados comunicarse al:
+56945369471
Patricia Toro
Corredora de propiedades 


Estacionamientos y bodegas 
 Estacionamientos: 1
Bodegas: 1","UF","Huechuraba","...","...","01-05-2020","",""
"1594169416-326","https://www.portalinmobiliario.com/venta/departamento/mas-de-3-dormitorios/huechuraba-metropolitana/_OrderId_BEGINS*DESC_PriceRange_4000CLF-7000CLF_PARKING*LOTS_1-*_TOTAL*AREA_100m%C2%B2-*","UF 5.500","https://www.portalinmobiliario.com/venta/departamento/huechuraba-metropolitana/5606674-depto-como-nuevo-con-hermosa-vista-al-valle-uda#position=36&type=item&tracking_id=f8a93820-f54f-4e81-bd59-3b87761810c2","Departamentos en Venta en Huechuraba, 3 dormitorios o más","5.500","126 m²","120 m²","3","2","2","Descripción
			
			
			
	

	

	
	
		Amplio departamento y muy bien mantenido.
Completo con piso flotante.
3 amplios dormitorios, 2 baños completos, living comedor, amplia cocina y muy iluminada, y gran terraza compartida entre living y dormitorio principal.
Espacios comunes muy bien cuidados, áreas verdes, juegos infantiles, piscina, estacionamiento de visitas y sala de eventos Seguridad 7/24

Terminaciones 
Piso baños: cerámica
Piso dormitorios: piso flotante

Suministros 
Agua caliente: caldera
Calefacción: caldera

Características propiedad 
despensa, cocina amoblada, cocina equipada

Características comunidad 
accesos controlados, áreas verdes, circuito cerrado de tv, estacionamiento de visitas, juegos infantiles, piscina, portón eléctrico, sala de eventos

Gastos 
Gastos comunes: $ 82.000

Otros suministros 
internet, señal satelital, teléfono, tv cable, wi-fi

Estacionamientos y bodegas 
 Estacionamientos: 2
Bodegas: 1","UF","Huechuraba","...","...","11-05-2020","",""
"1594169354-307","https://www.portalinmobiliario.com/venta/departamento/mas-de-3-dormitorios/huechuraba-metropolitana/_OrderId_BEGINS*DESC_PriceRange_4000CLF-7000CLF_PARKING*LOTS_1-*_TOTAL*AREA_100m%C2%B2-*","UF 6.150","https://www.portalinmobiliario.com/venta/departamento/huechuraba-metropolitana/5434887-pedro-fontova-8080-uda#position=5&type=item&tracking_id=e94ee454-ac19-425c-8b9c-4acf3eecae8d","Departamentos en Venta en Huechuraba, 3 dormitorios o más","6.150","142 m²","117 m²","3","2","1","Descripción
			
			
			
	

	

	
	
		Vendo proyecto de departamento en Pedro Fontova 8080.
El departamento se entregará el 1er trimestre de 2020.
Se encuentra en un sector tranquilo, con áreas verdes, cercano a supermercados, colegios, Strip center, farmacias, mall Plaza Norte.
El departamento tiene living comedor con salida a la terraza, cocina independiente full equipada, 3 dormitorios, el principal en suite con salida a la terraza del dormitorio, 2 baños, 1 estacionamiento y 1 bodega.
El edificio tiene piscina, sala multiuso, kitchenette, quincho, estacionamiento de visitas, bicicleteros, áreas verdes.
Contactar a Carmen Mardones 9967751153 o Rossella Cano 992582381












Características propiedad 
despensa, hall, cocina amoblada, cocina equipada, portón automático

Características comunidad 
accesos controlados, áreas verdes, circuito cerrado de tv, citófono, estacionamiento de visitas, piscina, portón eléctrico, quincho, sala de eventos

Estacionamientos y bodegas 
 Estacionamientos: 1
Bodegas: 1","UF","Huechuraba","...","...","25-03-2020","2","https://www.portalinmobiliario.com/venta/departamento/mas-de-3-dormitorios/huechuraba-metropolitana/_Desde_51_OrderId_BEGINS*DESC_PriceRange_4000CLF-7000CLF_PARKING*LOTS_1-*_TOTAL*AREA_100m%C2%B2-*"
"1594169413-325","https://www.portalinmobiliario.com/venta/departamento/mas-de-3-dormitorios/huechuraba-metropolitana/_OrderId_BEGINS*DESC_PriceRange_4000CLF-7000CLF_PARKING*LOTS_1-*_TOTAL*AREA_100m%C2%B2-*","UF 5.500","https://www.portalinmobiliario.com/venta/departamento/huechuraba-metropolitana/5606660-hermosa-vista-desde-camino-de-cintura-uda#position=37&type=item&tracking_id=f8a93820-f54f-4e81-bd59-3b87761810c2","Departamentos en Venta en Huechuraba, 3 dormitorios o más","5.500","126 m²","120 m²","3","2","2","Descripción
			
			
			
	

	

	
	
		Amplio departamento. muy bien mantenido.
Todo el depto con piso flotante.
3 amplios dormitorios, 2 baños completos, living comedor, amplia cocina y muy iluminada, y gran terraza compartida entre living y dormitorio principal.
Espacios comunes muy bien cuidados, áreas verdes, juegos infantiles, piscina, estacionamiento de visitas y sala de eventos Seguridad 7/24

Terminaciones 
Piso baños: cerámica
Piso dormitorios: piso flotante

Suministros 
Agua caliente: caldera
Calefacción: caldera

Características propiedad 
despensa, cocina amoblada, cocina equipada

Características comunidad 
accesos controlados, áreas verdes, circuito cerrado de tv, citófono, estacionamiento de visitas, juegos infantiles, piscina, portón eléctrico, sala de eventos

Gastos 
Gastos comunes: $ 82.000

Otros suministros 
internet, señal satelital, teléfono, tv cable, wi-fi

Estacionamientos y bodegas 
 Estacionamientos: 2
Bodegas: 1","UF","Huechuraba","...","...","11-05-2020","",""
"1594169445-340","https://www.portalinmobiliario.com/venta/departamento/mas-de-3-dormitorios/huechuraba-metropolitana/_OrderId_BEGINS*DESC_PriceRange_4000CLF-7000CLF_PARKING*LOTS_1-*_TOTAL*AREA_100m%C2%B2-*","UF 5.500","https://www.portalinmobiliario.com/venta/departamento/huechuraba-metropolitana/5645803-increible-departamento-colegio-sfjh-como-nuevo-ga-uda#position=22&type=item&tracking_id=f8a93820-f54f-4e81-bd59-3b87761810c2","Departamentos en Venta en Huechuraba, 3 dormitorios o más","5.500","110.11 m²","110.11 m²","3","2","2","Descripción
			
			
			
	

	

	
	
		DENTRO DE CONDOMINIO; PISCINA; JUEGOS INFANTILES; AREAS VERDES.

HALL DE ENTRADA; LIVING Y COMEDOR PISO FLOTANTE; TERRAZA CON UNA LINDA VISTA A LA PISCINA DEL CONDOMINIO; COCINA AMPLIA CON MUEBLES EN AMBOS LADOS EQUIPADA; COMEDOR DE DIARIO; LOGGIA; DOS DORMITORIOS CON CLOSET; SALA DE ESTAR; BAÑO COMPLETO; DORMITORIO PRINCIPAL EN SUITE CON CLOSET; TERRAZA .
VENTANAS TERMOPANEL.

DOS ESTACIONAMIENTO DESCUBIERTOS.
UNA BODEGA.

Estacionamientos y bodegas 
 Estacionamientos: 2
Bodegas: 1","UF","Huechuraba","...","...","04-06-2020","",""
"1594169346-305","https://www.portalinmobiliario.com/venta/departamento/mas-de-3-dormitorios/huechuraba-metropolitana/_OrderId_BEGINS*DESC_PriceRange_4000CLF-7000CLF_PARKING*LOTS_1-*_TOTAL*AREA_100m%C2%B2-*","UF 5.790","https://www.portalinmobiliario.com/venta/departamento/huechuraba-metropolitana/5384441-rinconada-el-salto-800-departamento-10-uda#position=7&type=item&tracking_id=e94ee454-ac19-425c-8b9c-4acf3eecae8d","Departamentos en Venta en Huechuraba, 3 dormitorios o más","5.790","149 m²","134 m²","3","2","1","Descripción
			
			
			
	

	

	
	
		Lindo Departamento , magnífica vista , y excelente precio 
LLAMAR AL 953565515

Estacionamientos y bodegas 
 Estacionamientos: 1
Bodegas: 1","UF","Huechuraba","...","...","25-01-2020","2","https://www.portalinmobiliario.com/venta/departamento/mas-de-3-dormitorios/huechuraba-metropolitana/_Desde_51_OrderId_BEGINS*DESC_PriceRange_4000CLF-7000CLF_PARKING*LOTS_1-*_TOTAL*AREA_100m%C2%B2-*"
"1594169451-343","https://www.portalinmobiliario.com/venta/departamento/mas-de-3-dormitorios/huechuraba-metropolitana/_OrderId_BEGINS*DESC_PriceRange_4000CLF-7000CLF_PARKING*LOTS_1-*_TOTAL*AREA_100m%C2%B2-*","$ 138.000.000","https://www.portalinmobiliario.com/venta/departamento/huechuraba-metropolitana/5656734-pedro-fontovasanta-isabel-uda#position=19&type=item&tracking_id=f8a93820-f54f-4e81-bd59-3b87761810c2","Departamentos en Venta en Huechuraba, 3 dormitorios o más","138.000.000","115 m²","101 m²","3","2","1","Descripción
			
			
			
	

	

	
	
		Lindo departamento, muy iluminado, Nororiente. 
Hall de entrada, living comedor con salida a terraza, amplia y larga cocina con logia y muebles con cubierta de granito, encímela, conexión a lavavajillas y horno eléctrico.
Tres dormitorios, principal en suite con dos baños y salida a terraza.
Calefacción. 
Agua fría incorporada. 
Un estacionamiento y una bodega. 
Edificio con seguridad 24 horas. 
Piscina
Quincho
Grandes áreas verdes para los niños. 
Salón de eventos. 
Estacionamiento de visitas. 

Frente a supermercado y servicios. 


Terminaciones 
Piso baños: cerámica
Piso dormitorios: alfombra

Características comunidad 
accesos controlados, áreas verdes, citófono, estacionamiento de visitas, juegos infantiles, piscina, quincho, sala de eventos

Gastos 
Contribuciones: $ 120.000
Gastos comunes: $ 130.000

Estacionamientos y bodegas 
 Estacionamientos: 1
Bodegas: 1","$","Huechuraba","...","...","09-06-2020","",""
"1594169305-300","https://www.portalinmobiliario.com/venta/departamento/mas-de-3-dormitorios/huechuraba-metropolitana/_OrderId_BEGINS*DESC_PriceRange_4000CLF-7000CLF_PARKING*LOTS_1-*_TOTAL*AREA_100m%C2%B2-*","UF 7.000","https://www.portalinmobiliario.com/venta/departamento/huechuraba-metropolitana/5264543-bosques-de-la-piramide-uda#position=12&type=item&tracking_id=e94ee454-ac19-425c-8b9c-4acf3eecae8d","Departamentos en Venta en Huechuraba, 3 dormitorios o más","7.000","131 m²","121 m²","3","2","1","Descripción
			
			
			
	

	

	
	
		LINDO y EQUIPADISIMO departamento en Condominio Actual Bosques de la Pirámide 
Rodeado de Naturaleza.
Amplio recibo, living comedor
Cocina y logia.
Tres dormitorios principal en suite.
Espacio para escritorio en pasillo a dormitorio, home office. 
*Piso de Madera 8 mm, color claro, todo el departamento.
*Termo-panel en todas las ventanas del departamento
*Logia cerrada también con termo-panel
*Todos terraza.
*Persianas eléctricas de PVC, en todo el departamento, Oscurecen las habitaciones, también son aislantes del calor y el frío. 
*Malla protectora para niños en terrazas
*Calefacción con radiadores en todo el departamento.
*Cocina Vitroceramica
*Estacionamiento Amplio en el -2
GC $ 190.000
Contribuciones $ 130.000


Terminaciones 
Piso baños: porcelanato
Piso dormitorios: piso flotante

Suministros 
Agua caliente: central agua caliente
Calefacción: caldera

Características propiedad 
alarma, comedor de diario, cocina amoblada, persianas, portón automático

Características comunidad 
accesos controlados, áreas verdes, circuito cerrado de tv, citófono, estacionamiento de visitas, gimnasio, juegos infantiles, piscina, portón eléctrico, quincho, sala de cine, sala de eventos, sala de juegos

Gastos 
Gastos comunes: $ 190.000

Otros suministros 
internet, tv cable, wi-fi

Estacionamientos y bodegas 
 Estacionamientos: 1
Bodegas: 1","UF","Huechuraba","...","...","06-12-2019","2","https://www.portalinmobiliario.com/venta/departamento/mas-de-3-dormitorios/huechuraba-metropolitana/_Desde_51_OrderId_BEGINS*DESC_PriceRange_4000CLF-7000CLF_PARKING*LOTS_1-*_TOTAL*AREA_100m%C2%B2-*"
"1594169296-299","https://www.portalinmobiliario.com/venta/departamento/mas-de-3-dormitorios/huechuraba-metropolitana/_OrderId_BEGINS*DESC_PriceRange_4000CLF-7000CLF_PARKING*LOTS_1-*_TOTAL*AREA_100m%C2%B2-*","UF 6.800","https://www.portalinmobiliario.com/venta/departamento/huechuraba-metropolitana/5623915-camino-de-cintura-8030-departamento-702-uda#position=13&type=item&tracking_id=e94ee454-ac19-425c-8b9c-4acf3eecae8d","Departamentos en Venta en Huechuraba, 3 dormitorios o más","6.800","147 m²","130 m²","3","3","2","Descripción
			
			
			
	

	

	
	
		Amplio departamento, con la mejor vista al valle de Santiago.
3 dormitorios.
3 baños.
Terraza con pasto sintético.
Walking closet
Piscinas
Quinchos para asado
 
Vende su dueño.","UF","Huechuraba","...","...","21-05-2020","2","https://www.portalinmobiliario.com/venta/departamento/mas-de-3-dormitorios/huechuraba-metropolitana/_Desde_51_OrderId_BEGINS*DESC_PriceRange_4000CLF-7000CLF_PARKING*LOTS_1-*_TOTAL*AREA_100m%C2%B2-*"
"1594169464-349","https://www.portalinmobiliario.com/venta/departamento/mas-de-3-dormitorios/huechuraba-metropolitana/_OrderId_BEGINS*DESC_PriceRange_4000CLF-7000CLF_PARKING*LOTS_1-*_TOTAL*AREA_100m%C2%B2-*","UF 5.100","https://www.portalinmobiliario.com/venta/departamento/huechuraba-metropolitana/5667741-vende-exclusivo-pedro-fontova-corredora-excelente-estado-mejor-sector-uda#position=13&type=item&tracking_id=f8a93820-f54f-4e81-bd59-3b87761810c2","Departamentos en Venta en Huechuraba, 3 dormitorios o más","5.100","100 m²","100 m²","3","2","1","Descripción
			
			
			
	

	

	
	
		EXCELENTE DEPARTAMENTO!!! EXCELENTE ESTADO!!! CERCANO A COLEGIO, COMERCIO Y MOVILIZACIÓN!!! NO DEJAR DE VER!!!!

Departamento: Hall de entrada con piso flotante, living comedor juntos con salida a terraza. Puerta vidriada de acceso a dormitorios. Home office con piso flotante.Tres dormitorios principal en suite, un baño completo. Cocina con comedor de diario, amoblada en bases y muros, equipada con encimera, horno y campana. Logia.
Un estacionamiento y una bodega.
ORIENTACIÓN ORIENTE!!!!

EL CONDOMINIO CUENTA CON PISCINA, SALÓN DE EVENTOS!! ESTACIONAMIENTOS PARA VISITAS!!! SEGURIDAD 24/7

Características propiedad 
comedor de diario, escritorio, hall, loggia, cocina amoblada, cocina equipada, portón automático

Características comunidad 
accesos controlados, áreas verdes, citófono, estacionamiento de visitas, piscina, portón eléctrico, sala de eventos

Gastos 
Gastos comunes: $ 90.000

Estacionamientos y bodegas 
 Estacionamientos: 1
Bodegas: 1","UF","Huechuraba","...","...","16-06-2020","",""
"1594169441-338","https://www.portalinmobiliario.com/venta/departamento/mas-de-3-dormitorios/huechuraba-metropolitana/_OrderId_BEGINS*DESC_PriceRange_4000CLF-7000CLF_PARKING*LOTS_1-*_TOTAL*AREA_100m%C2%B2-*","UF 6.090","https://www.portalinmobiliario.com/venta/departamento/huechuraba-metropolitana/5645683-bosques-de-la-piramide-papershase-uda#position=24&type=item&tracking_id=f8a93820-f54f-4e81-bd59-3b87761810c2","Departamentos en Venta en Huechuraba, 3 dormitorios o más","6.090","146 m²","130 m²","3","1","null","Descripción
			
			
			
	

	

	
	
		LA MEJOR VISTA A CLUB ECUESTRE 
ESTUPENDO DEPARTAMENTO , FINAS TERMINACIONES , AMPLIO HALL , GRAN SUITE, COCINA LUMINOSA 
3 DORMITORIOS Y 3 BAÑOS 
LLAMAR AL 953565515

Estacionamientos y bodegas 
 Estacionamientos: 1
Bodegas: 1","UF","Huechuraba","...","...","03-06-2020","",""
"1594169447-341","https://www.portalinmobiliario.com/venta/departamento/mas-de-3-dormitorios/huechuraba-metropolitana/_OrderId_BEGINS*DESC_PriceRange_4000CLF-7000CLF_PARKING*LOTS_1-*_TOTAL*AREA_100m%C2%B2-*","UF 4.350","https://www.portalinmobiliario.com/venta/departamento/huechuraba-metropolitana/5649478-amplio-departamento-en-el-mejor-sector-de-huechuraba-y-con-una-hermosa-vista-uda#position=21&type=item&tracking_id=f8a93820-f54f-4e81-bd59-3b87761810c2","Departamentos en Venta en Huechuraba, 3 dormitorios o más","4.350","100.49 m²","91.17 m²","3","2","1","Descripción
			
			
			
	

	

	
	
		Departamento en exclusivo barrio residencial

Distribución:
Hall de acceso , living comedor , cocina amoblada y equipada , loggia , 3 dormitorios ( principal en suite) con walk in closet , 2 baños ( uno en suite).

Condominio cuenta con piscina, áreas verdes, acceso controlados, seguridad 24/7, quincho, sala multiuso, bicicletero, juegos infantiles

Cuenta con 1 estacionamiento y 1 bodega.

Coordinar visitas con Tatiana Vergara a tatiana.vergara@aicn.cl ó al +56994990865

Estacionamientos y bodegas 
 Estacionamientos: 1
Bodegas: 1","UF","Huechuraba","...","...","05-06-2020","",""
"1594169364-308","https://www.portalinmobiliario.com/venta/departamento/mas-de-3-dormitorios/huechuraba-metropolitana/_OrderId_BEGINS*DESC_PriceRange_4000CLF-7000CLF_PARKING*LOTS_1-*_TOTAL*AREA_100m%C2%B2-*","UF 6.350","https://www.portalinmobiliario.com/venta/departamento/huechuraba-metropolitana/5536759-excelente-departamento-en-el-exclusivo-condominio-los-bosques-de-la-piramide-uda#position=4&type=item&tracking_id=e94ee454-ac19-425c-8b9c-4acf3eecae8d","Departamentos en Venta en Huechuraba, 3 dormitorios o más","6.350","115 m²","115 m²","3","3","1","Descripción
			
			
			
	

	

	
	
		Excelente depto en el Condominio Los Bosques de la Pirámide, tiene una vista privilegiada (piso 11 con vista al valle de Ciudad Empresarial), cuenta con termopanel en todo el departamento, iluminación LED en todas las habitaciones y cortinas roller. 3 habitaciones (2 en suite, de las cuales una puede ser usada como pieza de servicio), 3 baños (2 suites + 1 visitas)

Cocina equipada y amoblada

Piso flotante en excelente estado en todas las áreas comunes y en sus 3 habitaciones. 

Depto cuenta con seguridad las 24 hrs, 

1 estacionamiento, 1 bodega, 

El condominio cuenta con grandes áreas verdes comunes, juegos infantiles, múltiples quinchos y piscinas en condominio.

Interesados coordinar visitas con Tatiana Vergara a Tatiana.vergara@aicn.cl ó al +56994990865


Estacionamientos y bodegas 
 Estacionamientos: 1
Bodegas: 1","UF","Huechuraba","...","...","31-03-2020","2","https://www.portalinmobiliario.com/venta/departamento/mas-de-3-dormitorios/huechuraba-metropolitana/_Desde_51_OrderId_BEGINS*DESC_PriceRange_4000CLF-7000CLF_PARKING*LOTS_1-*_TOTAL*AREA_100m%C2%B2-*"
"1594169405-321","https://www.portalinmobiliario.com/venta/departamento/mas-de-3-dormitorios/huechuraba-metropolitana/_OrderId_BEGINS*DESC_PriceRange_4000CLF-7000CLF_PARKING*LOTS_1-*_TOTAL*AREA_100m%C2%B2-*","UF 7.000","https://www.portalinmobiliario.com/venta/departamento/huechuraba-metropolitana/5594905-bosque-la-piramide-huechuraba-uda#position=41&type=item&tracking_id=f8a93820-f54f-4e81-bd59-3b87761810c2","Departamentos en Venta en Huechuraba, 3 dormitorios o más","7.000","138 m²","128 m²","3","3","1","Descripción
			
			
			
	

	

	
	
		Departamento en condominio Bosque la Pirámide con estupenda a vista a jardines del condominio.
Grandes espacios, orientación nor-oriente.

Hall de entrada.
Amplio living-comedor.
Terraza con jardinera.
Cocina equipada con comedor de diario.
Loggia.

Gran dormitorio principal en suite (baño con ventana).
Segundo dormitorio.
Baño completo.
Tercer dormitorio con un baño completo.

Un estacionamiento.
Una bodega.

Accesos al condominio con seguridad.
Edificio con conserje.
Grandes áreas verdes.
Piscinas.
Juegos de niños.
Estacionamiento de visitas.

128m2 útiles
10m2 terraza

www.zzpropiedades.cl

Características propiedad 
comedor de diario, hall, loggia, cocina amoblada, cocina equipada

Características comunidad 
accesos controlados, áreas verdes, circuito cerrado de tv, citófono, estacionamiento de visitas, gimnasio, juegos infantiles, piscina, sala de eventos, sala de juegos

Estacionamientos y bodegas 
 Estacionamientos: 1
Bodegas: 1","UF","Huechuraba","...","...","06-05-2020","",""
"1594169424-330","https://www.portalinmobiliario.com/venta/departamento/mas-de-3-dormitorios/huechuraba-metropolitana/_OrderId_BEGINS*DESC_PriceRange_4000CLF-7000CLF_PARKING*LOTS_1-*_TOTAL*AREA_100m%C2%B2-*","UF 5.468","https://www.portalinmobiliario.com/MLC-527810912-departamento-en-huechuraba-_JM#position=32&type=item&tracking_id=f8a93820-f54f-4e81-bd59-3b87761810c2","Departamentos en Venta en Huechuraba, 3 dormitorios o más","5.468","115 m²","110 m²","3","2","1","Descripción
			
			
			
	

	

	
	
		Departamento en excelente estado, con orientación norponiente, amplio living comedor con  terraza con hermosa vista despejada. Cocina separada en excelente estado con encimera a gas de 04 platos,área de loggia grande se conecta con dormitorio numero 3 con baño y closet. Dormitorio 2 con amplio closet,  baño común a estos. Dormitorio suite con área de walking closet y terraza y baño.  Calefacción por radiador, G.C aprox 130.000. Condominio de tres torres,  con áreas comunes, piscina, cancha de usos múltiples y quincho.  Excelente conectividad a vespucio norte y estación los libertadores. A minutos y excelente ubicación de colegios Linconl, Grace y boston college.","UF","Huechuraba","...","...","18-05-2020","",""
"1594169457-346","https://www.portalinmobiliario.com/venta/departamento/mas-de-3-dormitorios/huechuraba-metropolitana/_OrderId_BEGINS*DESC_PriceRange_4000CLF-7000CLF_PARKING*LOTS_1-*_TOTAL*AREA_100m%C2%B2-*","UF 6.000","https://www.portalinmobiliario.com/venta/departamento/huechuraba-metropolitana/5556996-condominio-bosques-de-la-piramide-uda#position=16&type=item&tracking_id=f8a93820-f54f-4e81-bd59-3b87761810c2","Departamentos en Venta en Huechuraba, 3 dormitorios o más","6.000","141 m²","141 m²","3","3","1","Descripción
			
			
			
	

	

	
	
		Lindo departamento en Condominio Bosques de la Pirámide, luminoso y en buen estado. 
Cuenta con:
3 dormitorios, principal en suite
3 baños
Living comedor
Terraza
Cocina equipada
Logia
Estacionamiento
Bodega
Gimnasio
Piscina en edificio
Áreas verdes para caminatas
Zona de quinchos
Juegos infantiles
Seguridad 24/7
Estacionamientos de visita




Características propiedad 
despensa, loggia, cocina amoblada, cocina equipada, portón automático

Características comunidad 
accesos controlados, áreas verdes, circuito cerrado de tv, citófono, estacionamiento de visitas, gimnasio, juegos infantiles, piscina, portón eléctrico, quincho

Gastos 
Gastos comunes: $ 160.000
Contribuciones: $ 172.000

Estacionamientos y bodegas 
 Estacionamientos: 1
Bodegas: 1","UF","Huechuraba","...","...","16-06-2020","",""
"1594169407-322","https://www.portalinmobiliario.com/venta/departamento/mas-de-3-dormitorios/huechuraba-metropolitana/_OrderId_BEGINS*DESC_PriceRange_4000CLF-7000CLF_PARKING*LOTS_1-*_TOTAL*AREA_100m%C2%B2-*","UF 4.700","https://www.portalinmobiliario.com/venta/departamento/huechuraba-metropolitana/5605156-pedro-fontova-7150-uda#position=40&type=item&tracking_id=f8a93820-f54f-4e81-bd59-3b87761810c2","Departamentos en Venta en Huechuraba, 3 dormitorios o más","4.700","100 m²","100 m²","3","3","2","Descripción
			
			
			
	

	

	
	
		DEPARTAMENTO, 3 DORMITORIOS , 3 BAÑOS, 2 ESTACIONAMIENTOS TANDEM, 1 BODEGA .
Finas Terminaciones, Edificio cuenta con sala de eventos, piscina, gym , areas verdes, seguridad 24/7 
Vista Increible , despejada.Orientación Norponiente.
Cercano a colegios, centros comerciales,supermercados, farmacias.
No dudes en Visitar 
CONTACTO Nathalie Caceres +569 98050884

Terminaciones 
Piso baños: baldosa
Piso dormitorios: piso flotante

Características propiedad 
alarma, despensa, reja en ventanas, terraza con malla, cocina amoblada, cocina equipada, portón automático

Características comunidad 
accesos controlados, áreas verdes, citófono, estacionamiento de visitas, gimnasio, juegos infantiles, piscina, portón eléctrico, sala de eventos, sala de juegos

Estacionamientos y bodegas 
 Estacionamientos: 2
Bodegas: 1","UF","Huechuraba","...","...","11-05-2020","",""
"1594169395-316","https://www.portalinmobiliario.com/venta/departamento/mas-de-3-dormitorios/huechuraba-metropolitana/_OrderId_BEGINS*DESC_PriceRange_4000CLF-7000CLF_PARKING*LOTS_1-*_TOTAL*AREA_100m%C2%B2-*","UF 6.000","https://www.portalinmobiliario.com/venta/departamento/huechuraba-metropolitana/5560352-camino-de-cintura-1409-uda#position=46&type=item&tracking_id=f8a93820-f54f-4e81-bd59-3b87761810c2","Departamentos en Venta en Huechuraba, 3 dormitorios o más","6.000","125 m²","103 m²","3","2","2","Descripción
			
			
			
	

	

	
	
		Excelente departamento con vista al Valle de Huechuraba. Living / comedor amplios con puerta de acceso con salida a terraza.
Dormitorio principal en suite con salida a terraza , tres amplios dormitorios, dos baños completos.
Amplia cocina con comedor de diario, amoblada y equipada , cubiertas en granito. Logia.
Dos Estacionamientos 
Una Bodega

Todo depto. con piso flotante 

Edificio cuenta con accesos controlados 24/7, piscina ,quinchos, gimnasio, sala multiuso, juegos para niños, estacionamientos de visitas. 
Cercano a colegios, supermercados y servicios varios.

Gasto comun $110.000.- aproximadamente

Contribuciones $93.000.-

Visitas a través de esta corredora.

Estacionamientos y bodegas 
 Estacionamientos: 2
Bodegas: 1","UF","Huechuraba","...","...","15-04-2020","",""
"1594169481-357","https://www.portalinmobiliario.com/venta/departamento/mas-de-3-dormitorios/huechuraba-metropolitana/_OrderId_BEGINS*DESC_PriceRange_4000CLF-7000CLF_PARKING*LOTS_1-*_TOTAL*AREA_100m%C2%B2-*","UF 5.900","https://www.portalinmobiliario.com/venta/departamento/huechuraba-metropolitana/5691453-bosques-de-la-piramide-cuidad-empresarial-3d2b-102-m2-uda#position=5&type=item&tracking_id=f8a93820-f54f-4e81-bd59-3b87761810c2","Departamentos en Venta en Huechuraba, 3 dormitorios o más","5.900","102 m²","90 m²","3","2","1","Descripción
			
			
			
	

	

	
	
		Amplio y luminoso departamento con Espectacular Vista despejada a 5 minutos de Vitacura.

Distribución:
Hall de entrada, puerta divisoria vidriada,
Living comedor con salida a terraza.
3 dormitorios, principal en suite salida a terraza amplios closets
Escritorio
Piso 2 sur oriente
Cocina con comedor de diario, equipada con encimera, horno y campana, cubiertas de granito, amoblada en bases y muros. Despensa. Logia.
Estacionamiento y bodega.
Piso flotante en todo el departamento.


SEGURIDAD 24/7
EL CONDOMINIO CON ESTACIONAMIENTOS PARA VISITAS,PISCINA NIÑOS Y ADULTOS, PLAZA CON JUEGOS INFANTILES, QUINCHO, SECTOR DE FOGATA,SALÓN DE EVENTOS, SALA DE CINE.
AUTO-LAVADO PARA AUTOMÓVILES.

Características comunidad
accesos controlados, áreas verdes, circuito cerrado de tv, citófono, estacionamiento de visitas, gimnasio, piscina, portón eléctrico, quincho, sala de cine, sala de eventos

Estacionamientos y bodegas 
 Estacionamientos: 1
Bodegas: 1","UF","Huechuraba","...","...","01-07-2020","",""
"1594169468-351","https://www.portalinmobiliario.com/venta/departamento/mas-de-3-dormitorios/huechuraba-metropolitana/_OrderId_BEGINS*DESC_PriceRange_4000CLF-7000CLF_PARKING*LOTS_1-*_TOTAL*AREA_100m%C2%B2-*","UF 5.900","https://www.portalinmobiliario.com/venta/departamento/huechuraba-metropolitana/5675841-bosques-de-la-piramide-edificio-araucarias-uda#position=11&type=item&tracking_id=f8a93820-f54f-4e81-bd59-3b87761810c2","Departamentos en Venta en Huechuraba, 3 dormitorios o más","5.900","100 m²","85 m²","3","2","1","Descripción
			
			
			
	

	

	
	
		Lindo departamento, muy cómodo! En Condominio Bosque de la Pirámide! A 5 minutos del Saint Georges/Costanera Norte/Vitacura/ Muy cómodo. 
Orientación Norte. 
Hall de entrada, living comedor con acceso a exquisita terraza. 
Cocina amplia con logia. 
Puerta para ingresar a los dormitorios. 
Dos dormitorios comparten un baño y el dormitorio principal es en suite con salida a terraza. Ampliable. 
El condominio cuenta con piscina, quinchos Exquisitos, sala de cine, gimnasio, sala de eventos, entrada a caminata por el cerro, mini market en la entrada. 
Seguridad 24 horas. 
Gastos comunes $140.000

Terminaciones 
Piso baños: cerámica
Piso dormitorios: piso flotante

Características comunidad 
accesos controlados, áreas verdes, estacionamiento de visitas, gimnasio, juegos infantiles, piscina, quincho, sala de cine, sala de eventos

Gastos 
Contribuciones: $ 133.000
Gastos comunes: $ 140.000

Estacionamientos y bodegas 
 Estacionamientos: 1
Bodegas: 1","UF","Huechuraba","...","...","21-06-2020","",""
"1594169472-353","https://www.portalinmobiliario.com/venta/departamento/mas-de-3-dormitorios/huechuraba-metropolitana/_OrderId_BEGINS*DESC_PriceRange_4000CLF-7000CLF_PARKING*LOTS_1-*_TOTAL*AREA_100m%C2%B2-*","UF 6.650","https://www.portalinmobiliario.com/venta/departamento/huechuraba-metropolitana/5683575-excelente-oportunidad-espectacular-vista--uda#position=9&type=item&tracking_id=f8a93820-f54f-4e81-bd59-3b87761810c2","Departamentos en Venta en Huechuraba, 3 dormitorios o más","6.650","124 m²","97 m²","3","2","1","Descripción
			
			
			
	

	

	
	
		DEL VALLE PROPIEDADES VENDE!!! 
 1 ESTACIONAMIENTOS

Amplio departamento con espectacular vista, piso 10, COMO NUEVO, año 2015, ubicado en el Condominio Actual Bosques de la Pirámide.
Condominio cuenta con 18 hectáreas de parque, añosos arboles, jardines y senderos. A 10 minutos de Vitacura y Metro Vespucio Norte.

3 amplios y luminoso dormitorios (principal en suite, con gran walk-in closet y gran terraza) y 2 baños 
 sala de estar.

Amplia cocina con comedor de diario, cubierta de granito, totalmente equipada. Loggia.

Gran living-comedor, amplia terraza 

Calefacción por radiadores, piso flotante en todo el departamento..

Gastos comunes $220.000 aprox. (incluye agua caliente y calefacción). 1 estacionamientos subterráneos y 1 bodega.

Condominio cerrado con accesos controlados. conserjería y cámaras de vigilancia las 24 hrs., 2 piscinas, quincho, sala de cine, gimnasio, sala de eventos, áreas verdes y estacionamientos de visita.


Características propiedad
comedor de diario, sala de estar, hall, loggia, terraza con malla, cocina amoblada, cocina equipada, portón automático

Características comunidad
Accesos controlados, áreas verdes, circuito cerrado de tv, citófono, estacionamiento de visitas, gimnasio, juegos infantiles, piscina, portón eléctrico, quincho, sala de cine, sala de eventos, sala de juegos




Terminaciones
Piso baños: porcelanato
Piso dormitorios: piso flotante

Suministros
Agua caliente: central agua caliente
Calefacción: caldera


Gastos
Gastos comunes: $ 220.000

Otros suministros
internet, wi-fi

Estacionamientos y bodegas
Estacionamientos: 1
Bodegas: 1

CONTACTO:
EXEQUIEL GONZÁLEZ
+56 9 94489338
egonzalez@delvallepropiedades.cl


Estacionamientos y bodegas 
 Estacionamientos: 1
Bodegas: 1","UF","Huechuraba","...","...","25-06-2020","",""
"1594169418-327","https://www.portalinmobiliario.com/venta/departamento/mas-de-3-dormitorios/huechuraba-metropolitana/_OrderId_BEGINS*DESC_PriceRange_4000CLF-7000CLF_PARKING*LOTS_1-*_TOTAL*AREA_100m%C2%B2-*","UF 6.700","https://www.portalinmobiliario.com/venta/departamento/huechuraba-metropolitana/5612342-bosques-de-la-piramide-ciudad-empresarial-uda#position=35&type=item&tracking_id=f8a93820-f54f-4e81-bd59-3b87761810c2","Departamentos en Venta en Huechuraba, 3 dormitorios o más","6.700","122 m²","117 m²","3","3","1","Descripción
			
			
			
	

	

	
	
		Lindo departamento tres dormitorios en bosques de la Pirámide 
Hall de entrada, closet. living comedor, salida a terraza hermosa vista al club de equitación.
Cocina y logia, sistema independiente para calefacción con caldera.
Dormitorio principal en suite, segundo dormitorio, salida a terraza, tercer dormitorio con baño completo.
Estacionamiento y bodega.
GC $150.000 todo el año.

Terminaciones 
Piso baños: cerámica
Piso dormitorios: cerámica

Suministros 
Agua caliente: calefón
Calefacción: caldera

Características propiedad 
cocina equipada, portón automático

Características comunidad 
accesos controlados, áreas verdes, circuito cerrado de tv, estacionamiento de visitas, juegos infantiles, piscina, portón eléctrico, quincho, sala de eventos, sala de juegos

Otros suministros 
internet, señal satelital, teléfono, tv cable, wi-fi

Estacionamientos y bodegas 
 Estacionamientos: 1
Bodegas: 1","UF","Huechuraba","...","...","14-05-2020","",""
"1594169326-303","https://www.portalinmobiliario.com/venta/departamento/mas-de-3-dormitorios/huechuraba-metropolitana/_OrderId_BEGINS*DESC_PriceRange_4000CLF-7000CLF_PARKING*LOTS_1-*_TOTAL*AREA_100m%C2%B2-*","UF 6.200","https://www.portalinmobiliario.com/venta/departamento/huechuraba-metropolitana/5206269-lindo-condominio-privado-en-medio-de-los-bosques-de-la-piramide-uda#position=9&type=item&tracking_id=e94ee454-ac19-425c-8b9c-4acf3eecae8d","Departamentos en Venta en Huechuraba, 3 dormitorios o más","6.200","144 m²","129 m²","3","3","1","Descripción
			
			
			
	

	

	
	
		Lindo condominio en medio de Bosques de la Pirámide , a un paso de Ciudad Empresarial y a 5 minutos de Vitacura. 
Vista a club ecuestre .
Condominio cuenta con piscinas , áreas verdes , juegos para niños , Citymrket , salas de reuniones,
Seguridad las 24 horas, plazas , senderos , trekking y quinchos en los cerros. 
 
Departamento amplio y luminoso de finas terminaciones con espectacular vista , dormitorio en suite, cocina equipada, loggia,
Piso flotante en dormitorios 
3 dormitorios y 3 baños.,1 estacionamiento y 1 bodega 
GRAN OPORTUNIDAD EN EL PRECIO !!!

LLAMAR AL 953565515

Estacionamientos y bodegas 
 Estacionamientos: 1
Bodegas: 1","UF","Huechuraba","...","...","20-01-2020","2","https://www.portalinmobiliario.com/venta/departamento/mas-de-3-dormitorios/huechuraba-metropolitana/_Desde_51_OrderId_BEGINS*DESC_PriceRange_4000CLF-7000CLF_PARKING*LOTS_1-*_TOTAL*AREA_100m%C2%B2-*"
"1594169386-312","https://www.portalinmobiliario.com/venta/departamento/mas-de-3-dormitorios/huechuraba-metropolitana/_OrderId_BEGINS*DESC_PriceRange_4000CLF-7000CLF_PARKING*LOTS_1-*_TOTAL*AREA_100m%C2%B2-*","UF 5.900","https://www.portalinmobiliario.com/venta/departamento/huechuraba-metropolitana/5550699-remodelado-y-muy-amplio-uda#position=50&type=item&tracking_id=f8a93820-f54f-4e81-bd59-3b87761810c2","Departamentos en Venta en Huechuraba, 3 dormitorios o más","5.900","140 m²","140 m²","3","3","2","Descripción
			
			
			
	

	

	
	
		Excelente ubicación residencial, cercana a supermercados, locales comerciales, colegios, locomocion
El condominio cuenta con destacadas y amplias áreas verdes, conserjería las 24 hs.,juegos infantiles, quinchos, salas de evento, piscinas
Características:
hall de entrada, cocina amoblada y equipada con mesones en granito, logia, gran living comedor ampliados hacia las terrazas, tres dormitorios, dos de ellos en suite con amplio W.C., tercer dormitorio y tercer baño
Te asesoramos con tu crédito hipotecario!!!

100-045

Estacionamientos y bodegas 
 Estacionamientos: 2
Bodegas: 1","UF","Huechuraba","...","...","13-04-2020","",""
"1594169397-317","https://www.portalinmobiliario.com/venta/departamento/mas-de-3-dormitorios/huechuraba-metropolitana/_OrderId_BEGINS*DESC_PriceRange_4000CLF-7000CLF_PARKING*LOTS_1-*_TOTAL*AREA_100m%C2%B2-*","UF 6.850","https://www.portalinmobiliario.com/venta/departamento/huechuraba-metropolitana/5565286-hermoso-departamento-con-linda-vista-dn-uda#position=45&type=item&tracking_id=f8a93820-f54f-4e81-bd59-3b87761810c2","Departamentos en Venta en Huechuraba, 3 dormitorios o más","6.850","150 m²","131 m²","4","3","2","Descripción
			
			
			
	

	

	
	
		Lindo Departamento en sector exclusivo. Maravillosa vista.

Hall entrada, living comedor , terraza, dormitorio principal en suite con clóset y walk in closet, cocina amoblada y equipada, comedor de diario y loggia, baño de visitas, escritorio, dos dormitorios y baño completo

El condominio cuenta con piscina; quincho; salas multiusos; club house.

Se incluye en la venta un estacionamiento tandem (doble) y una bodega.

Características propiedad 
comedor de diario, hall, cocina amoblada, cocina equipada

Características comunidad 
accesos controlados, citófono, estacionamiento de visitas, piscina, sala de eventos

Estacionamientos y bodegas 
 Estacionamientos: 2
Bodegas: 1","UF","Huechuraba","...","...","18-04-2020","",""
"1594169438-337","https://www.portalinmobiliario.com/venta/departamento/mas-de-3-dormitorios/huechuraba-metropolitana/_OrderId_BEGINS*DESC_PriceRange_4000CLF-7000CLF_PARKING*LOTS_1-*_TOTAL*AREA_100m%C2%B2-*","UF 4.400","https://www.portalinmobiliario.com/venta/departamento/huechuraba-metropolitana/5637620-pedro-fontova-alberto-undurraga-uda#position=25&type=item&tracking_id=f8a93820-f54f-4e81-bd59-3b87761810c2","Departamentos en Venta en Huechuraba, 3 dormitorios o más","4.400","107 m²","86 m²","3","3","2","Descripción
			
			
			
	

	

	
	
		¡¡Cómodo y amplio departamento con dos amplias terrazas y privilegiada vista al valle!!
Cercano a áreas verdes, colegios, restaurantes, strip center y múltiples servicios.
Hall de entrada
Living comedor
Terraza
Cocina amoblada y equipada, con horno eléctrico encimera a gas y espacio para lavavajillas 
Loggia
Dormitorio principal en suite con walking closet y salida a segunda terraza
Dormitorio de niño con salida a terraza 
3er dormitorio con espacio para una cama de plaza y 1/2 y en suite con su closet correspondiente. 

2 ESTACIONAMIENTOS EN TANDEM + BODEGA
G.C $130.000 agua caliente incluída
CALEFACCIÓN CENTRAL POR RADIADORES
CONTRIBUCIONES DEPTO $80.000 TRIMESTRAL 

Áreas comunes: piscina,quinchos, cancha de tenis, amplias áreas verdes, seguridad y accesos controlados 24/7, estacionamientos de visita.

Características propiedad 
loggia, cocina amoblada, cocina equipada, portón automático

Características comunidad 
accesos controlados, áreas verdes, citófono, estacionamiento de visitas, piscina, portón eléctrico, quincho

Otros suministros 
internet, señal satelital, teléfono, tv cable, wi-fi

Estacionamientos y bodegas 
 Estacionamientos: 2
Bodegas: 1","UF","Huechuraba","...","...","29-05-2020","",""
"1594169411-324","https://www.portalinmobiliario.com/venta/departamento/mas-de-3-dormitorios/huechuraba-metropolitana/_OrderId_BEGINS*DESC_PriceRange_4000CLF-7000CLF_PARKING*LOTS_1-*_TOTAL*AREA_100m%C2%B2-*","UF 5.300","https://www.portalinmobiliario.com/venta/departamento/huechuraba-metropolitana/5606480-departamento-como-nuevo-en-hermoso-condominio-uda#position=38&type=item&tracking_id=f8a93820-f54f-4e81-bd59-3b87761810c2","Departamentos en Venta en Huechuraba, 3 dormitorios o más","5.300","130 m²","89 m²","3","2","1","Descripción
			
			
			
	

	

	
	
		Departamento con muy poco uso, recién pintado, quedó como nuevo, y con gran patio propio! Orientación nor-oriente
Living comedor, sala de estar y dormitorios con piso flotante, resto departamento cerámica.
Cocina equipada y con espacio para lavavajillas y refrigerador de 2 puertas. Logia con lavadero.
2 calefactores eléctricos, 1 en dormitorio principal y otro en comedor, ambos conectados con sistema inalámbrico.
Condominio muy tranquilo y con áreas verdes muy bien mantenidas, piscina, grandes espacios para quincho, sala de eventos, gimnasio.
Estacionamiento y bodega.
A pocos pasos de Mall Plaza Norte, metro, locomoción, colegios y comercio.

Terminaciones 
Piso baños: cerámica
Piso dormitorios: parquet

Suministros 
Agua caliente: caldera
Calefacción: eléctrica

Características propiedad 
despensa, escritorio, loggia, cocina amoblada, cocina equipada

Características comunidad 
accesos controlados, áreas verdes, circuito cerrado de tv, citófono, estacionamiento de visitas, gimnasio, juegos infantiles, piscina, portón eléctrico, quincho, sala de eventos

Gastos 
Gastos comunes: $ 100.000

Otros suministros 
internet, señal satelital, teléfono, tv cable, wi-fi

Estacionamientos y bodegas 
 Estacionamientos: 1
Bodegas: 1","UF","Huechuraba","...","...","11-05-2020","",""
