Srce,Province,PublishedDate,PropertyType,PropertyState,MtTot,Bdroom,Bath,Parking,PriceUF,Link,Description
"icasas","Santiago","","Aparment","","120m2","3 Dormitorios","2 Baños","","UF 5.850,26","https://www.icasas.cl/propiedad/428906","se vende amplio dpto 120 mts ideal para oficinas edificio histórico san antonio 418 santiago amplio departamento 120 mts ideal para remodelar y acondicionar como oficina 3 dormitorios 2 baños piso parquet piso 6 con vista a la calle año edificio 1952 actualmente destino habitacional factible para comercial edificio de 10 pisos departamentos oficinas laboratorios y locales comerciales en el primer piso. 3 ascensores ubicación comercial alta afluencia de público locomoción a 1 cuadra de plaza de armas y a 3del metro bellas artes mall vivo imperio teatro municipal cerro santa lucía notarias entre otros. edificio histórico (originalmente era la caja de empleados públicos y periodistas / caja de ee. pp y pp) con una hermosa arquitectura y detalles en sus paredes escaleras y ascensores. más información con soledad al valor venta $168. 000. 000 conversable comisión corredora de propiedades (2% iva) gasto común $70. 000 opción de arriendo $700. 000 mensual con gasto común incluido"
"icasas","Santiago","","Aparment","","100m2","3 Dormitorios","2 Baños","","UF 5.049,34","https://www.icasas.cl/propiedad/325797","amplio departamento 3 dormitorios 2 baños principal en suite. living comedor con terraza cocina amoblada y gran loggia. excelente conectividad supermercado colegios streep center farmacias y clínica a pasos."
"icasas","Santiago","","Aparment","","107m2","3 Dormitorios","3 Baños","","UF 6.163,67","https://www.icasas.cl/propiedad/339402","en venta espectacular departamento!! amplio y cómodo departamento. ubicado en muy buena zona de santiago centro 3 dormitorios (principal en suite con walking closet) 3 baños home office living comedor con salida a terraza. cocina separada full equipada logia estacionamiento bodega cercano a metro santa ana seguridad las 24 hrs condominio cerrado."
"icasas","Santiago","","Aparment","","100m2","3 Dormitorios","2 Baños","","UF 4.875,22","https://www.icasas.cl/propiedad/314517","metro bellas artes cerca de la plaza de armas consta de hall de acceso living comedor con lindo piso de parquet 3 amplios dormitorios dos baños mas servicios completos no tiene terraza ni bodega si tiene estacionamiento. . lila bussenius tel."
"icasas","Santiago","","Aparment","","133m2","5 Dormitorios","3 Baños","","UF 6.570","https://www.icasas.cl/propiedad/427862","se vende amplio dpto de 133 mts vicuña mackenna 836 esq. irarrázaval 133 mts incluye terraza frontis de 11 mts aprox. y terraza trasera de similares características 5 dormitorios: principal con piso parquet e incluye baño 4 dormitorios con piso flotante todos los dormitorios incluyen closet y ventilación natural 3 baños en total living comedor piso cerámica cocina amoblada incluye espacio lavadora edificio de 4 pisos 3 departamentos por piso construcción año 1950 ubicación espectacular! en plena avenida vicuña mackenna esquina irarrázaval a menos de 5 minutos de estación de metro irarrázaval cercano a bancos supermercados comercio en general áreas verdes locomoción entre otros. gtos comunes $32. 000 app incluye consumo de agua contribuciones $100. 000 app x cuota valor venta 6. 570 uf ($185. 000. 000 app) conversable! comisión corredora (2% sobre el valor de venta final iva) coordine sus visitas con ana maría al o al"
"icasas","Santiago","","Aparment","","140m2","3 Dormitorios","2 Baños","","UF 6.268,14","https://www.icasas.cl/propiedad/413567","amplio y elegante departamento silencioso y en una de las mejores ubicaciones de santiago. a pasos de metro moneda. y los héroes. hall de distribución living con pequeña terraza comedor separado por puerta de madera y vidrio. tres dormitorios grandes dos baños principal con ventana. más dormitorio y baño de servicio. baño principal con conexión a lavadora. edificio de la década del cincuenta con ascensores conserjería las 24 horas patio central interior amplios corredores con terminaciones de la época opción de arrendar estacionamiento y bodega con la administración. gastos comunes: $70. 000 (inlcuye agua)"
"icasas","Santiago","","Aparment","","104m2","4 Dormitorios","2 Baños","","UF 5.495,21","https://www.icasas.cl/propiedad/338283","procasa centro santiago (am): vende espacioso dpto metro o´higgins con gran terraza cocina tradicional piso flotante dormitorio en suite. cercano a colegios universidades farmacias mini market. hermosa vista. ubicado a sólo una cuadra de la av. viel. cuenta con estacionamiento. sin bodega."
"icasas","Santiago","","Aparment","","150m2","3 Dormitorios","2 Baños","","UF 6.616,37","https://www.icasas.cl/propiedad/402204","venta de departamento en santiago centro. amplio living comedor 3 dormitorios 2 baños terraza loggia cocina tradicional. todo el piso del departamento de madera vitrificado ventanas de aluminio. excelente conectividad cercano a estaciones de metro parque o'higgins y avenida matta y también a supermercados servicios colegios. @¬código fuenzalida fsb723. ljubica andarcia tel."
"icasas","Santiago","","Aparment","","111m2","4 Dormitorios","3 Baños","","UF 6.929,78","https://www.icasas.cl/propiedad/411851","amplio departamento ubicado a pasos de metro y barrio bellas artes. ideal para remodelar. departamento antiguo de década del 60 cuenta con 3 dormitorios 2 baños mas pieza y baño de servicios cocina cerrada además de gran terraza. además cuenta con espacio para estacionamiento sujeto a disponibilidad de la comunidad. todo con orientación oriente y poniente. gastos comunes de tan solo $60. 000."
"icasas","Santiago","","Aparment","","124m2","3 Dormitorios","2 Baños","","UF 4.352,88","https://www.icasas.cl/propiedad/429926","oportunidad en estratégica ubicación. a pasos del parque almagro de la estación de metro supermercados universidades. ideal para su uso habitacional u oficina. amplio living comedor cocina tradicional amoblada. tres dormitorios dos baños completos con ventana. gastos comunes aprox: $25. 000."
"icasas","Santiago","","Aparment","","115m2","3 Dormitorios","3 Baños","","UF 6.390","https://www.icasas.cl/propiedad/321450","luminoso y amplio departamento inmejorable sector de santiago centro cerca metro santa ana 3 dormitorios (principal en suite con walking closet) 3 baños home office living comedor con salida a cómoda terraza cocina separada full equipamiento comedor de diario logia estacionamiento bodega condominio cerrado seguridad 24 hrs. maría eugenia ojeda tel."
"icasas","Santiago","","House","","147m2","4 Dormitorios","2 Baños","","UF 4.370","https://www.icasas.cl/propiedad/421443","venta de casa en santiago centro. emplazada en barrio patrimonial casa amplia y solida cercana a estaciones de metro rondizzoni (l2) presidente pedro aguirre cerda (l6) y parque o'higgins. casa clásica en muy buen estado cuatro amplias habitaciones dos baños living comedor separados gran cocina patio de luz dos bodegas. cerámica en todas las dependencias. ideal para consultas medicas oficina o residencial. @¬código fuenzalida fsb769. ljubica andarcia tel."
"icasas","Santiago","","House","","110m2","4 Dormitorios","1 Baño","","UF 5.919,91","https://www.icasas.cl/propiedad/156432","vendo casa en santiago centro. terreno 180mts2. a 3 cuadras del metro ñuble."
"icasas","Santiago","","House","","140m2","4 Dormitorios","1 Baño","","UF 5.919,91","https://www.icasas.cl/propiedad/156670","vendo casa en santiago centro a 3 cuadras de metro ñuble. casa ubicada rogelio ugarte #1853. locomocion por av. ñuble superficie terreno 9 metros frontal y de largo 20metros. (180mts2) consta de 4 habitaciones 1 baño living comedor centro de lavado cocina independiente. gran patio interior. casa ideal para construir bodega de gran tamaño entrega inmediata precio conversable! agende visita"
"icasas","Santiago","","House","","129m2","3 Dormitorios","1 Baño","","UF 6.964,6","https://www.icasas.cl/propiedad/406693","casco historico casa con años de antigüedad de gran terreno en la calle moneda  129 m² a pasos del metro quinta normal y cerca de colegios y hospital excelente para la inversión en edificación de: centros de comercio de esparcimiento educación o encuentros sociales. la casa en si cuenta con 3 habitaciones 1 cocina 2 bodegas y un baño."
"icasas","Santiago","","House","","161m2","4 Dormitorios","3 Baños","","UF 6.233,32","https://www.icasas.cl/propiedad/411796","venta casa barrio universitario. grajales / av españa uso comercial o habitacional. actualmente cuenta con patente y resolución sanitaria. restaurante en funcionamiento. casa en excelente estado de conservación fachada e interiores. emplazada en barrio universitario reconocido por la alta concentración de universidades centros educacionales institutos y casas utilizadas comercialmente. barrio consolidado y de alto potencial. construcción de 161 mt2. distribución 1° piso: acceso principal con recibidor living comedor habitación de servicio y/o bodega cocina y 2 baños habilitados según resolución distribución 2° piso: 4 dormitorios 1 baño completo salita de estar. valor propiedad uf 7. 050 posibilidad de continuar con restaurante derecho de llave conservable. mayor información contactar ;569"
"icasas","Santiago","","House","","137m2","5 Dormitorios","3 Baños","","UF 6.750","https://www.icasas.cl/propiedad/410295","casa 1 piso ubicada en san miguel orientación nor poniente excelente conectividad a locomoción colectiva colegios centros médicos cercana 10 minutos a estación de metro ciudad del niño. vista amplia a sus espacios con luz natural. pensada para la familia y por su aislación térmica genera un ambiente muy grato. living y comedor separados con piso de madera ; 5 dormitorios con piso de madera; cocina separada y 4 baño con cerámica en pisos;; estacionamiento 2 vehículos. antejardín. 1er piso estructura en albañilería armada con resistencia y aislación térmica; electricidad diferencial 12 amperes; calefón de 12 litros; gas de balón. kp24917 publicado a través de kiteprop crm inmobiliario"
"icasas","Santiago","","House","","250m2","4 Dormitorios","3 Baños","","UF 5.200","https://www.icasas.cl/propiedad/428858","casa en venta ubicada en valle grande localidad urbana que pertenece a la comuna de lampa región metropolitana. excelente ubicación a pasos de supermercado colegios bencinera locales comerciales áreas verdes. a 3 minutos de ruta 5 norte a 15 minutos mall plaza norte y a 8 minutos de av. américo vespucio."
"icasas","Santiago","","House","","180m2","5 Dormitorios","2 Baños","","UF 5.583","https://www.icasas.cl/propiedad/346762","casa tradicional chilena de fachada continua en pleno centro de santiago con orientación oriente. la casa cuenta con cielos en doble altura 5 habitaciones living comedor comedor de diario cocina americana un baño completo un baño de servicio bodega y acceso principal de doble puerta. @¬ubicación con excelente conectividad entre 5 a 10 minutos en auto de la carretera norte sur la estación central estación de buses y parque o'higgins. a 10 minutos caminando del barrio maiggs del club hípico y la alameda. a 100 mts de paraderos de transantiago y a 18 minutos caminando del metro estación central línea 1. @¬. viviana rocco tel."
"icasas","Santiago","","House","","100m2","5 Dormitorios","2 Baños","","UF 4.819","https://www.icasas.cl/propiedad/406209","sya propiedades vende amplia casa emplazada en el centro de santiago sector de alta plusvalía a cuadras de la estación de metro cumming y próxima estación linea 7 propiedad cercana a barrio brasil y a pasaos de avenida cumming a cuadras de supermercados colegios universidades bancos comercio centros médicos hospitales y clínicas áreas verdes. casa de 3 pisos de 100mts2 de terreno y 222mts2 construidos distribuidos en el primer piso 2 dormitorios amplios 1 baño completo amplio living comedor patio de luz cocina bodega tiene entrada independiente de los otros 2 pisos. segundo y tercer piso se puede utilizar con departamento duplex distribuidos en 3 dormitorios amplios cocina 1 baño completo amplio living comedor con piso de ceramica. propiedad se encuentra para remodelar. propiedad idelamente se puede utilizar para área comercial como hostal restaurante cafetería o idealmente para inversión se pude arrendar por piezas. precio de la propiedad es conversable. contactar también como vía whastapp luis alberto seguel"
"icasas","Santiago","","House","","166m2","5 Dormitorios","2 Baños","","UF 6.616,37","https://www.icasas.cl/propiedad/386755","general rondizzoni / club hipico hermosa casa patrimonial 163/144 m2 barrio residencial patrimonio cultural. @¬1er piso living comedor separados baño de visita cocina cerrada patio techado remodelado lavadero bodega piso cerámica. @¬cuenta con amplio departamento interior independiente living comedor 1 dormitorio baño cocina cerrada. @¬2do piso 2 amplios dormitorios 1 baño. . yohara macarena stewart tel."
"icasas","Santiago","","House","","163m2","4 Dormitorios","2 Baños","","UF 4.178,76","https://www.icasas.cl/propiedad/444032","casa apta inversión para arriendo por piezas!! pareada por ambos costados. excelente ubicación en pleno barrio victoria entre santa rosa y san francisco a pasos de metro av. matta. living comedor separados 4 dormitorios 2 baños cocina con comedor de diario patio de luz pieza de servicio patio. terreno: 163 m2 (642 m. de frente x 2542 m. de fondo) construidos: 13363 m2 (110 m2 vivienda original 2346 m2 ampliación). patio: 2957 m2 coordine su visita al"
"icasas","Santiago","","House","","140m2","5 Dormitorios","2 Baños","","UF 4.422,52","https://www.icasas.cl/propiedad/437336","hermosa propiedad e sector tranquilo y residencial 2 pisos  5 dormitorios 3 baños uno de ellos principal en suite amplios espacios como living  comedor cocina patio espacioso y luminoso logia bodega  comedor de diario entrada vehicular para 2 autos. a una cuadra de av 5 de abril a pasos de calle las rejas sur locomoción en la esquina a 10 min caminando de metro las rejas  comercios supermercados colegios clínicas entrada a autopista gran oportunidad. no dejar de visitar. @¬coordinar visitas con ejecutiva a cargo: carolina briones 569 carolina briones tel."
"icasas","Huechuraba","","Aparment","","123m2","3 Dormitorios","3 Baños","","UF 6.200","https://www.icasas.cl/propiedad/307983","estupendo departamento 123/127 metros aproximados living comedor con ampliación de terraza tres dormitorios tres baños principal en suite piso cerámica córdoba segundo dormitorio con ampliación de su terraza también entero en piso flotante vitrificado todas las ventanas con malla de protección para niños como nuevo¡¡.  cocina equipada amoblada espacio para comedor de diario un estacionamiento cubierto y bodega no deje de visitar este lindo departamento gran espacio luminosidad y una hermosa vista¡¡…a pasos de locomoción supermercados avenida pedro fontova. agenda tu visita: ventashuechuraba@avsa. cl"
"icasas","Huechuraba","","Aparment","","105m2","3 Dormitorios","2 Baños","","UF 4.600","https://www.icasas.cl/propiedad/436931","departamento casi nuevo en condominio edificio de cuatro pisos con ascensor condominio con vigilancia 24 horas y portón eléctrico piscina con reja quincho y sala de eventos jardines con caminerías para pasear y disfrutar del aire libre. un estacionamiento por departamento y estacionamientos para visitantes el departamento tiene tres dormitorios y dos baños completos living y comedor separados cocina cerrada  amoblada con cocina 4 hornillas y horno eléctrico campana e instalación para lavadora. gastos comunes: apróx. 70 mil pesos y contribuciones 92. 000 pesos por período. asesor : alejandra jofre."
"icasas","Huechuraba","","Aparment","","114m2","3 Dormitorios","2 Baños","","UF 5.630","https://www.icasas.cl/propiedad/354784","excelente departamento con acceso controlado 24 hrs. cercano av. pedro fontova. distribución: living comedor juntos 3 dormitorios 2 baños principal en suite cocina amoblada. terminaciones: piso flotante en living comedor dormitorios alfombrados cubierta muebles de cocina postformada terraza techada. calefacción por radiadores caldera individual. exterior: 2 estacionamientos descubiertos bodega @¬el condominio cuenta con lavandería sala de eventos piscina. @¬@¬@¬metrajes aproximados valores sujetos a cambios. @¬. elizabeth orellana tel."
"icasas","Huechuraba","","Aparment","","130m2","3 Dormitorios","2 Baños","","UF 6.000","https://www.icasas.cl/propiedad/396716","descripción en huechuraba al pie de los cerros que dominan el valle en la parte más alta del mejor sector residencial de la comuna se ubica altavista huechuraba. a través de las hermosas y añosas alamedas de av. pedro fontova se llega al mejor condominio del sector. su arquitectura moderna ha privilegiado departamentos con la mejor e incomparable vista convirtiéndolo en un imponente mirador del valle de huechuraba. ven a disfrutar todo el año en verano la piscina quinchos y salón multiuso todo el año. el departamento tiene 4 años la vista es inmejorable se aprecia el valle de santiago de forma despejada habitación principal tiene un walking closet del tamaño de una habitación pequeña y un segundo closet de con buen tamaño pasillos muy amplios y con closet muy amplios dormitorios secundarios separados al principal para mayor privacidad 2 estacionamientos 1 bodega características: amplio living comedor pisos flotantes walking closet amplia cocina y terraza sala multiuso piscina quinchos bodegas subterráneas acceso controlado. sup. útil sup. total 130 m²el condominio tiene una ubicación privilegiada por la variedad de comercio que se encuentra en el cercano inmediato : estaciones de servicios supermercados gimnasios veterinarias centros de estéticas centros de yoga etc a 5 min del mall plaza norte variedad de centros educacionales :lincoln college colegio pumahue y institutos nivel superior aiep y duoc. kp23252 publicado a través de kiteprop crm inmobiliario"
"icasas","Huechuraba","","Aparment","","108m2","3 Dormitorios","3 Baños","","UF 6.700","https://www.icasas.cl/propiedad/437128","makler gestion inmobiliaria (130. 187) espectacular departamento con vista despejada distribución: hall de entrada living comedor juntos con salida a terraza vista sur poniente. 3 dormitorios 2 en suite uno con walk in closet con salida a terraza. cocina con comedor de diario. ggcc: $160. 000 contribuciones: $130. 000 contacto: jdominguez@makler. cl"
"icasas","Huechuraba","","Aparment","","101m2","3 Dormitorios","3 Baños","","UF 6.144,64","https://www.icasas.cl/propiedad/434375","nan"
"icasas","Huechuraba","","Aparment","","110m2","3 Dormitorios","2 Baños","","UF 6.900","https://www.icasas.cl/propiedad/311404","impecable departamento con vista despejada en condominio consolidado a minutos de vitacura!! amplio hall de acceso living comedor juntos con salida a una amplia terraza con vista 3 dormitorios amplio dormitorio en suite con estar 2 baños en suite bodega y estacionamiento. edificio con piscina sala de eventos jardines quincho seguridad 24/7. @¬. monica urriola tel."
"icasas","Huechuraba","","Aparment","","126m2","3 Dormitorios","3 Baños","","UF 6.250","https://www.icasas.cl/propiedad/302157","id 26524 excelente departamento en un condominio sin ruidos externos!!!! condominio con dos torrres de 7 pisos  dos departamentos por piso en construcción salida a cuidad empresarial lista fin de semestre contactar a cristina alarcón mail cristina@vivaqui. com whatsapp hall amplio luminoso con piso de mármol con puerta de doble hoja dividida en 8 ventanitas rectangulares al ingreso del living y com...edor amplios con salida a la terraza  la cual tiene 16 metros cuadrados y esta cerrada con vilalibre plegable o desmontable linda vista de santiago  piso piedra pizarra cocina amplia con comedor diario amplia con cubierta granito  piso porcelanato loggia amplia con malla baño visita ciego piso porcelanato dos dormitorios amplios con piso flotante color café aleman baño completo ciego piso porcelanto suite muy amplia con vista walking closet y baño amplio con ventana 1 estacionamiento 1 bodega de 3x3 con repisas externo piscina para niños y adultos sala eventos gimnasio areas verdes baño o camarín sector piscina plaza juegos infantiles 6 quinchos cada uno con lavaplatos parrilla  completos.mostrar"
"icasas","Huechuraba","","Aparment","","100m2","3 Dormitorios","2 Baños","","UF 5.300","https://www.icasas.cl/propiedad/445273","precioso y amplio departamento en venta. con jardín privado 3 habitaciones principal en suite 2 baños cocina independiente con logia cerrada. living comedor que dan paso a linda y amplia terraza con jardin privado. 100 mts2 útiles 130 mts2 totales dentro de moderno condominio que cuenta con: gimnasio quincho salón de eventos piscina jardines con juegos infantiles conserjería vigilancia 24/7 y estacionamiento de visitas"
"icasas","Huechuraba","","Aparment","","108m2","3 Dormitorios","2 Baños","","UF 4.250","https://www.icasas.cl/propiedad/413747","pacpropiedades huechuraba vende lindo y amplio depto. 3d/2b en condominio consolidado con control de ingreso seguridad 24/7 ubicado en bonita zona residencial con bonitas áreas verdes cercano a avenida principal centros comerciales restaurantes colegios entre las estaciones de metro los libertadores y vespucio norte. hall de entrada bonito y amplio living comedor con terraza grande cocina amplia amoblada y equipada con comedor de diario y logia cerrada. dormitorio principal en suite con walk in closet dos dormitorios grandes con closets y baño completo en pasillo. el depto. tiene todo el piso flotante y cuenta con una bodega en subterráneo y un estacionamiento. exteriores: condominio con piscina salón de eventos juegos infantiles estacionamiento de visitas y lindas áreas verdes. para mas información contactarnos"
"icasas","Huechuraba","","House","","140m2","4 Dormitorios","4 Baños","","UF 6.490","https://www.icasas.cl/propiedad/450013","excelente propiedad ! frente a una plaza y en el mejor emplazamiento de huechuraba tranquilo seguro cerca a colegios supermercados y a vías de conexión. muchas mejoras en la casa con espacios para cada integrante de la familia. tiene 4 dormitorios ( 2 en suits uno en primer piso y otro en segundo piso) 4 baños  mas servicios completos. terraza vidriada y quincho. se reciben propiedades en parte de pago. te gestionamos el predio para la compra sin cargo!! para cordinar contacto por whatsapp al"
"icasas","Huechuraba","","House","","129m2","4 Dormitorios","4 Baños","","UF 6.500","https://www.icasas.cl/propiedad/379447","propiedad dentro de condominio seguridad las 24 horas propiedad de tres pisos primer piso :living comedor de piso flotante con amplios ventanales que dan al jardíncalefacción por radiadores. jardín con terraza techadariego automático cocina equipada y amoblada logia cerradaservicio completo y baño de visita. segundo piso: dormitorio principal en suite de piso flotante baño y espaciosa sala estar. tercer piso: dos dormitorios baño mas sala de estar antejardín y estacionamiento. agenda tu visita: ventashuechuraba@avsa. cl"
"icasas","Huechuraba","","House","","137m2","4 Dormitorios","3 Baños","","UF 6.100","https://www.icasas.cl/propiedad/365146","estupenda casa mediterránea dentro de condominio137/200 mts aproximados seguridad 24 hrs pocas casas estacionamiento de visitas 4 dormitorios principal en suite toda la casa con piso flotante (excepto la escala) amplia cocina equipada amoblada con comedor de diario living comedor juntos terraza techada deck de madera loggia techada estacionamiento descubierto para dos autos estacionamientos de visitas. primer piso: amplio hall de entrada en piso flotante baño de visitas living comedor en piso flotante cocina equipada amoblada con muebles en granito comedor de diario principal en suite. segundo piso: subida de escala con alfombra amplia sala de estar en piso flotante baño completo y tres dormitorios en piso flotante de muy buen tamaño. orientación norte¡¡ exterior: lindo patio con terraza techada y deck de madera aprovechando bien los espacios estacionamiento descubierto para dos autos estacionamientos de visitas ante jardín formado. no deje de visitar esta propiedad. le va a encantar¡¡ a pasos de colegios supermercados y locomoción¡¡ una casa mediterránea muy cómoda y acogedora. agenda tu visita: ventashuechuraba@avsa. cl"
"icasas","Huechuraba","","House","","139m2","4 Dormitorios","3 Baños","","UF 6.400","https://www.icasas.cl/propiedad/431892","espectacular casa completamente equipada y remodelada de 3 pisos consta de 4 dormitorios y 3 baños. 210 m2 total. 1 piso : hall de entrada  living comedor separados comedor con acceso a patio con gran ventanal cocina con loggia remodelada estilo americana y baño de visita. 2 piso : 3 habitaciones  1 dormitorio principal en suite con baño remodelado con jacuzzi aire acondicionado y un segundo baño en el pasillo. dos dormitorios amplios con closet. 3 piso: habilitado como un gran cuarto dormitorio con walkin closet o sala de juegos multi propósito. estacionamiento para 3 vehículos. patio trasero con gran piscina de 7. 5 x 2. 9 1. 40 profundidad 1. 90. terraza y quincho. emplazada en condominio con seguridad y guardias 24 hrs. acceso controlado. cercano a supermercados colegios áreas verde"
"icasas","Huechuraba","","House","","140m2","4 Dormitorios","3 Baños","","UF 5.700","https://www.icasas.cl/propiedad/418881","estupenda casa dentro de condominio tres pisos aislada 140/198 m2 aproximados full seguridad cerca de centros comerciales colegios a pasos de locomoción cuatro dormitorios principal en suite espaciosa sala de estar cocina equipada amoblada 3 baños escritorio living comedor separados terraza techada piscina con lindo deck acogedor jardín formado. agenda tu visita: ventashuechuraba@avsa. cl"
"icasas","Huechuraba","","House","","128m2","4 Dormitorios","3 Baños","","UF 6.000","https://www.icasas.cl/propiedad/315099","guanaco norte/ del manantial amplia casa 3 pisos aislada y en condominio 128 / 220 m2 4 dormitorios walk in closet 2 baños completos principal en suite cocina amoblada living comedor separados con salida a terraza mansarda acondicionada para dormitorio sala de juegos pieza de lavado estacionamiento para 2 vehículos juegos infantiles conserjería 24 horas excelente conectividad próximo a comercio y servicios. @¬. marcela arce tel."
"icasas","Huechuraba","","House","","139m2","3 Dormitorios","3 Baños","","UF 6.900","https://www.icasas.cl/propiedad/399616","linda casa de dos pisos a pasos de avenida principal de huechuraba cercana a variados centros comerciales y colegios. primer piso:hall de acceso living comedor separadobaño de visitacocina equipada completa con loggia integrada suite principal terraza y jardín. segundo piso: sala de estar dos cuarto muy amplio de niños y el tercer baños. la propiedad cuenta con estacionamiento. agenda tu visita: ventashuechuraba@avsa. cl"
"icasas","Huechuraba","","House","","158m2","5 Dormitorios","4 Baños","","UF 6.450","https://www.icasas.cl/propiedad/427590","excelente oportunidad casa fuera del centro de santiago pero con excelente conectividad condominio ubicado en la entrada de pedro fontova con entrada y salida por pedro fontova y santa marta. ideal para familia numerosa con hijos se encuentra en condominio cerrado con vigilancia 24/7 y un parque interior del condominio privado casa de 3 pisos 5 habitaciones y 4 baños. 160m2 construido/180 m2 terreno con piscina y estacionamien...to para 2 vehiculos se distribuye de la siguiente manera: primer piso: hall entrada living y comedor independiente closet baño de visita. amplia cocina con comedor de diario tiene conectividad con gran logia/bodega y pieza de servicio independiente con baño. patio con terraza techada con piscina para disfrutar con la familia y amigos. segundo piso: pieza principal con terraza en suite con walking closet gigante espejo y ventanal. baño con tina ventilacion natural. otra habitación que puede funcionar como sala de juegos con conexion a televisor y terraza cerrada amplio closet. tercer piso: 2 habitaciones grandes con ventanales amplio baño con lavamano independiente del baño con tina ventilación natural los metros informados son aproximados y entregados por el propietario la información entregada será validada en tasación bancaria asesoramos en la búsqueda de su propiedad. estamos a su disposición para ayudarte en obtención de créditos con entidades bancarias y mutuarias ya sea para la venta compra o arriendo de casas departamentos terrenos parcelas locales comerciales industriales etc. en todo el territorio nacional así como también cobertura internacional. si tiene alguna consulta o pregunta no dude en contactarnos esperamos poder ayudarle.mostrar"
"icasas","Huechuraba","","House","","140m2","4 Dormitorios","3 Baños","","UF 6.000","https://www.icasas.cl/propiedad/433421","gran casa luminosa y en excelente estado de 140/190. dentro de condominio cerca de comercio locomoción y colegios. está frente a una gran plaza con árboles y juegos para niños. estacionamiento de adoquines para dos o tres autos. en el primer piso esta el hall de distribución y al lado izquierdo hay un escritorio o pequeño dormitorio con baño completo y al derecho una gran cocina amplia y muy bien equipada que continua hacia una linda logia construida hacia la parte delantera con bonitas terminaciones. luego hacia el frente del hall hay un gran living comedor juntos pero muy grande con un lindo piso flotante y grandes ventanales que dan a una gran terraza con pérgola y piso bonito tipo ladrillo que da hacia el norte. . la casa completa es con un lindo piso flotante casi nuevo y todos sus muros con su pintura en buen estado. en el segundo piso hay una suite enorme muy luminosa con su baño y walkin closet más una sala de estar de todo el ancho de la casa. tercer piso hay dos dormitorios grandes y un baño completo grande. agenda tu visita: ventashuechuraba@avsa. cl"
"icasas","Huechuraba","","House","","140m2","4 Dormitorios","4 Baños","","UF 6.500","https://www.icasas.cl/propiedad/469505","vendo hermosa casa aislada de 3 piso en exclusivo sector de huachuraba. "precio conversable". "excelente estado" descripcion: primer piso cuenta con living comedor cocina amoblada y equipada baño y logia segundo piso: matrimonial con baño en suit y walking closet 2 dormitorios y baño tercer piso: dormitorio con baño en siut y closet y muy amplia sala de estar patio t...rasero con hermoso jardin con amplia y hermosa terraza y riego automatico accesos controlados las 24 horas del dia areas verdes juegos infantiles. cercana a supermercado colegios comercio en general . aprovecha esta gran oportunidad!! llamenos y agende su visista!!mostrar"
"icasas","Huechuraba","","House","","120m2","5 Dormitorios","3 Baños","","UF 5.495,21","https://www.icasas.cl/propiedad/467807","nan"
"icasas","Huechuraba","","House","","130m2","3 Dormitorios","3 Baños","","UF 6.000","https://www.icasas.cl/propiedad/416682","fpv3803 distribución: primer piso:hall de entrada living comedor juntos escritorio o sala de estar en primer piso baño de visita cocina amoblada y equipada con espacio para comedor de diario amplia logia. @¬segundo piso: 3 dormitorios principal en suite 2 baños completos. @¬terminaciones: living comedor con piso flotante alfombra en dormitorios y sala de estar cubierta muebles de cocina granito ventanas termopanel. @¬exterior: estacionamiento descubierto para 2 autos terraza techada. @¬@¬. catalina ríos tel."
"icasas","Huechuraba","","House","","170m2","4 Dormitorios","4 Baños","","UF 5.800","https://www.icasas.cl/propiedad/335756","casa de tres pisos dentro de condominio torreon del carmen aislada 170/220 mts aproximados. cuatro dormitorios cuatro baños sala de estar escritorio o pieza de servicio gran living comedor (con 30 mts de ampliación) buena iluminación piso flotante cocina equipada amoblada con comedor de diario loggia techada bodega baño de visitas. segundo piso principal en suite (muy buen tamaño) walk in closet estupenda sala de estar más un baño tercer piso dos dormitorios y otro baño. exterior: terraza cierre de panderetas transparente para mayor privacidad luz exterior en toda la terraza estacionamiento descubierto para dos autos estacionamientos de visitas cerca de áreas verdes plaza juegos infantiles seguridad 24 hrs¡¡. agenda tu visita: ventashuechuraba@avsa. cl"
"icasas","Huechuraba","","House","","138m2","5 Dormitorios","3 Baños","","UF 6.950","https://www.icasas.cl/propiedad/468911","flt1725 casa en condominio haras de huechuraba 2 frente a plaza del condominio y cercana a colegios centros comerciales y áreas verdes. @¬la propiedad se desarrolla en dos pisos. en el primer nivel cuenta con hall de acceso living y comedor en l con salida terraza y patio cocina moderna amoblada equipada con horno eléctrico cocina por inducción eléctrica y a gas espacio para lavavajillas y salida a patio de servicio. dormitorio principal en suite con walk in closet y tina de hidromasaje con salida al patio. además cuenta con un segundo dormitorio en suite más pequeño cercano al acceso que puede ser usado como escritorio o pieza de servicio o baño de visita. @¬en segundo nivel tiene tres dormitorios y un baño. @¬2 estacionamientos junto al acceso termopanel en todas las ventanas algunos blindados y los del segundo piso con filtro uv persianas de pvc en ventanas toldo retráctil en terraza riego automático instalado alarma. @¬condominio con seguridad y control de acceso permanente. eduardo rivas tel."
"icasas","Huechuraba","","House","","139m2","3 Dormitorios","3 Baños","","UF 6.500","https://www.icasas.cl/propiedad/439458","espectacular casa de tres pisos de 139 / 201 m2 aproximados. a pasos de las dos avenidas principales de huechuraba. modernizada de muy buen gusto dentro de condominio con seguridad las 24 horas. cercana a colegios supermercados y paraderos. primer piso: living comedor separados cocina equipada y modernizada baño de visita totalmente renovado logia cerrada terraza quincho y piscina. segundo piso: dormitorio en suite con baño modernizadodos dormitorios de niño con su baño. tercer piso: gran sala de estar con la posibilidad de realizar un cuarto dormitorio. estacionamiento techado. agendar visita: ventashuechuaba@avsa. cl"
"icasas","Nunoa","","Aparment","","100m2","4 Dormitorios","3 Baños","","UF 5.800","https://www.icasas.cl/propiedad/376353","aulén propiedades tipología: 4 dormitorios 3 baños ubicación: josé domingo cañas / exequiel fernandez detalles del departamento: 100m2 construidos 10m2 terraza amplio living comedor y salida a terraza gran cocina con comedor de diario campana y logia 4 grandes y cómodas piezas con closets 3 de las piezas en sector oriente del departamento 1 pieza en sector poniente puede ser servicio o s...ala de estar (al lado de la cocina) orientación sur oriente características del edificio: edificio en condominio seguro y familiar a pasos del metro chile españa sin estacionamiento ni ascensor gastos comunes: $90. 000 mensual contactar a natalia dominguez v.mostrar"
"icasas","Nunoa","","Aparment","","110m2","3 Dormitorios","3 Baños","","UF 5.885,09","https://www.icasas.cl/propiedad/405349","amplio departamento ubicado en zona residencial de ñuñoa con 3 dormitorios prinicpal en suite 2 baños completos más pieza y baño de servicio. tiene una terraza de buen tamaño con salida al living comedor y dormitorio principal lindos jardines y el departamento cuenta con 1 estacionamiento subterráneo una bodega que es la más grande del edificio y estacionamientos de visita. @¬verónica guzmán. verónica guzmán tel."
"icasas","Nunoa","","Aparment","","104m2","4 Dormitorios","3 Baños","","UF 7.000","https://www.icasas.cl/propiedad/423741","en venta espacioso departamento con excelente distribución 104mtrs 6mtrs de terreza orientación oriente piso flotante. hall de entrada living comedor separados por una puerta y terraza. cocina equipada de buen espacio encimera a gas horno eléctrico campana y conexión para lavadora. 4 dormitorios con closets 3 baños. dormitorio principal en suite y walk in closet. calefacción por losa radiante cuenta con 2 puestos de estacionamiento subterráneos y bodega. gastos comunes $180. 000 contribuciones $204. 000 edifico del año 2006 cuenta con:. conserjería 24/7. piscina. gimnasio. salón de eventos. juego infantil. estacionamiento de visitas. bicicletero cercano a supermercados metro chile españa comercios restaurantes farmacias colegios a pocas cuadras de plaza ñuñoa zona de cafés y locales nocturnos. contacto alejandra cano alejandra. cano@legalybroker. com"
"icasas","Nunoa","","Aparment","","115m2","3 Dormitorios","2 Baños","","UF 6.477,08","https://www.icasas.cl/propiedad/409154","cómodo departamento en buen sector de la comuna de ñuñoa. living comedor juntos con salida a terraza tres dormitorios uno en suite. dos baños amplios closets. piso flotante en living comedor y dormitorios. cocina con loggia. orientación sur oriente. piso octavo en edificio de 10 pisos. estacionamiento descubierto y gran bodega de aproximadamente 12 mts2. conserjerìa 24 hrs. luz maría pereira tel."
"icasas","Nunoa","","Aparment","","126m2","4 Dormitorios","3 Baños","","UF 6.300","https://www.icasas.cl/propiedad/329601","departamento duplex de 4 dormitorios 3 baños 1 estacionamiento balcon cocina tipo tradicional sin asensor. 126 metros totales orientación norte. piso flotante y en el segundo nivel cubre piso. piso 4. edificio cuenta con amplios jardínes interiores y bicicletero. proyecto del año 1990 de 4 pisos. ggcc $97. 000 aprox. zona con excelente equipamiento comercial y conectividad cercano a servicios de salud y metro linea 3 estación chile españa. . @¬ @¬ejecutivo a cargo: francisco torres @¬ @¬ @¬. francisco torres tel."
"icasas","Nunoa","","Aparment","","105m2","3 Dormitorios","2 Baños","","UF 6.000","https://www.icasas.cl/propiedad/413252","departamento duplex en barrio consolidado de ñuñoa. amplios y luminosos espacios 3 dormitorios 2 baños 1 en suite escritorio. cocina amoblada loggia. estacionamiento. cerca de locomoción restaurantes plazas comercio. no dejar de visitar. @¬@¬. veronica velázquez tel."
"icasas","Nunoa","","Aparment","","100m2","3 Dormitorios","2 Baños","","UF 6.900","https://www.icasas.cl/propiedad/386124","fph2851 departamento 3 dormitorios 2 baños cocina cerrada living comedor juntos home office logia amplia terraza. orientación nor poniente. acceso vehicular y orientación de departamento por y hacia calle residencial clorinda willshaw. edificio de construcción nueva cuenta con conserjería 24 hrs. sauna jacuzzi salas de eventos piscina panorámica quinchos jardines estacionamientos de visitas. incluye estacionamiento y bodega. cercano a centros comerciales médicos y de entretencion colegios metro. acceso directo a avenidas principales y autopistas. @¬gasto común $140000. incluye agua caliente. . loreto javiera tapia tel."
"icasas","Nunoa","","Aparment","","103m2","4 Dormitorios","nan","","UF 6.300","https://www.icasas.cl/propiedad/467486","atractivo y amplio departamento duplex a pasos metro chile españa 100/3 mt2 primer nivel: amplio living comedor con salida a terraza 3 dormitorios de exelente tamaño ppal en suite 2 baños ppal con ventilaciòn natural cocina amoblada con conexiòn a lavadora segundo nivel: una gran sala estar 1 dormitorio de exelente tamaño 1 baño con ventilaciòn natural estacionamiento de uso y goce conserje y seguridad 24 hrs contacto: nicolás pedemonte. asesor inmobiliario grupo inovo."
"icasas","Nunoa","","Aparment","","100m2","3 Dormitorios","2 Baños","","UF 6.755,66","https://www.icasas.cl/propiedad/357388","luminoso departamento tres dormitorios dos baños dos terrazas estacionamiento y bodega a pasos de metro linea 3 cercano a mall plaza egaña en un sexto piso cuenta con piscina qincho sala de eventos mesas de pool spa. gimnasio conserje las 24 horas. rafael rojas tel."
"icasas","Nunoa","","Aparment","","100m2","3 Dormitorios","2 Baños","","UF 6.616,37","https://www.icasas.cl/propiedad/304943","excelente dpto ubicado en el mejor sector de ñuñoa. a pasos de plaza ñuñoa. @¬se encuentra en el piso 13 con vistas despejadas y nororiente por un lado y dormitorios norponiente. @¬living comedor juntos con holl de entrada y pasillos amplios y cómodos. @¬tres dormitorios uno en suite optima accesibilidad a todo evento. bodega y dos estacionamientos. @¬se recomienda visitar. mireya del carmen rivera tel."
"icasas","Nunoa","","Aparment","","9.088m2","3 Dormitorios","2 Baños","","UF 6.200","https://www.icasas.cl/propiedad/454891","venta departamento ñuñoa dublé almeyda cómodo departamento estratégicamente ubicado la propiedad consta de hall de distribución living comedor extendido a la terraza cocina equipada logia 3 dormitorios. dormitorio principal en suite con walk in closet. baño compartido escritorio áreas secas piso flotante. áreas húmedas piso de porcelanato calefacción por losa radiante 90. 88 mts2 totales edificio año oriente gastos comunes $ 130. 000 incluye agua caliente el edificio tiene estacionamientos de visitas sala de eventos quincho piscina lavandería gimnasio precio de venta uf 6200"
"icasas","Nunoa","","Aparment","","160m2","3 Dormitorios","2 Baños","","UF 6.900","https://www.icasas.cl/propiedad/467071","iluminado departamento con excelente ubicación en calle san eugenio. cercano a comercio y supermercados. excelente estado de conservación. gran conectividad y cercanía a estación de metro ñuble. gran terraza exclusiva con vista panorámica. características: orientación sur. living comedor. 3 dormitorios ( dormitorio principal en suite). 2 baños (1 en suite). cubiertas baños en marmol. cocina equipada amoblada. cubiertas cocina en granito. piso porcelanato. gran terraza con vista panorámica despejada a la cordillera y al sur. calefacción por piso radiante. ventanas termopanel 1 estacionamiento. 1 bodega. características edificio: edificio con excelentes accesos amplio y buenas terminaciones. 12 pisos en total. año construcción 2018 áreas verdes. piscina quinchos. bicicleteros. sala de eventos. estacionamientos de visita. seguridad 24 hrs."
"icasas","Nunoa","","Aparment","","130m2","3 Dormitorios","2 Baños","","UF 6.253","https://www.icasas.cl/propiedad/413242","flt1650 departamento en barrio tranquilo cerca del metro irarrazaval. hall de entrada living y comedor juntos que sale a terraza cocina tradicional con una loggia amplia 23 m2 por 2. 0 m2 tres dormitorios el principal en suite (ampliado 34m2 x 4. 3m2) segunda pieza de 2. 8m2 x 46m2 y tercera pieza de 2. 4m2 x 29m2. en la entrada existía un baño de visita que lo transformaron en walk in closet el cual se puede volver a transformar. posee 2 estacionamientos y 1 bodega. @¬edificio cuenta con conserje las 24 horas y estacionamiento de visita. pilar plaza tel."
"icasas","Nunoa","","Aparment","","100m2","3 Dormitorios","2 Baños","","UF 6.700","https://www.icasas.cl/propiedad/376438","excelente y amplio departamento cercano a metro plaza egaña hall de acceso comodo living comedor con salida a terraza home office 3 dormitorios (principal en suite) 2 baños cocina separda con comedor diario loggia termopanel piso flotante calefacción central 2 puestos de estacionamiento bodega condominio con lindos jardines 2 piscinas quincho gimnasio sala de eventos sala gourmet sala cine bicicleteros lavandería juegos infantiles seguridad 24/7 sector con excelente conectividad. maría eugenia ojeda tel."
"icasas","Nunoa","","House","","133m2","3 Dormitorios","3 Baños","","UF 4.800","https://www.icasas.cl/propiedad/170907","casa excelente estado llegar y usar . todo renovado a nuevo."
"icasas","Nunoa","","House","","100m2","3 Dormitorios","4 Baños","","UF 5.676,15","https://www.icasas.cl/propiedad/456152","descripción ubicada en tranquila zona residencial a minutos caminando de estaciones plaza egaña y los orientales. cerca futura estación ramón cruz. comunicabilidad extraordinaria. distribución: 100 metros cuadrados construidos. ubicada en condomini"
"icasas","Nunoa","","House","","123m2","4 Dormitorios","1 Baño","","UF 6.171","https://www.icasas.cl/propiedad/469071","casa de dos pisos ubicada en las encinas con avda. josé pedro alessandri en calle sin salida. living y comedor amplio 4 dormitorios 2 amplios y 2 pequeños 1 baño completo con tina cocina amplia con instalación de lavadora. la propiedad cuenta con bodega entretecho y patio amplio estacionamiento para 5 vehículos y protección en las ventanas. en su entorno existen centros comerciales supermercados cercanía a metro estadio nacional hospitales colegios bancos comercio en general en avda. macul. la casa es de piso madera nativa en buenas condiciones. con buena locomoción para toda el área metropolitana a una cuadra de avda. josé pedro alessandri. terminaciones piso baños: cerámica piso dormitorios: madera techos: pizarreño suministros agua caliente: calefón calefacción: otro características propiedad: antejardín living comedor separado reja en ventanas"
"icasas","Nunoa","","House","","125m2","4 Dormitorios","2 Baños","","UF 4.200","https://www.icasas.cl/propiedad/426271","sya propiedades vende amplia propiedad en comuna de ñuñoa propiedad de 4d 2b 1e. living y comedor en cerámica cocina abierta con encimera completamente amoblada con refrigerador y comedor diario. dormitorios con piso flotante baños en cerámica y entrada de 1 vehículo. ampliación 2° piso regularizada única dueña propiedad habitada. excelente conectividad cercana a linea metro 5 y 6 y a mall en construcción. no deje pasar oportunidad de visitar esta propiedas. agente inmobiliario susana reyes b."
"icasas","Nunoa","","House","","100m2","5 Dormitorios","4 Baños","","UF 6.500","https://www.icasas.cl/propiedad/441969","venta casa ñuñoa / holanda dormitorios 5 baños 4 casa de 3 pisos condominio de 5 casas estacionamiento 1 pareada por un lado contribuciones $ 55. 000 gastos comunes $ 8. 000 orientación n / o/ p metro chile españa 1 cuadra"
"icasas","Nunoa","","House","","120m2","4 Dormitorios","2 Baños","","UF 5.049,34","https://www.icasas.cl/propiedad/134580","bonita casa en pasaje construcción en obra gruesa( ley pereira). 2 pisos barrio habitacional tranquilo y seguro porton automatico estacionamiento frente a fachada. 2% comisión corretaje no deje de visitar."
"icasas","Nunoa","","House","","130m2","3 Dormitorios","1 Baño","","UF 5.919,91","https://www.icasas.cl/propiedad/380987","casa en ñuñoa 130mts2 de terreno 95 mts2 construidos todo regularizado ubicada en pasaje muy tranquilo. cercana a todo lo necesario para tener una excelente calidad de vida conectada a todos los servicios necesarios excelente conectividad líneas de metro colegios san marcos colegio suizo de excelencia académica municipalidad bancos supermercados centros médicos áreas verdes mall. la casa cuenta con un gran living comedor equipados con aire acondicionado  3 habitaciones habitación principal de gran tamaño 1 baño cocina amoblada con encimera de granito logia techada. en el patio trasero se encuentra un espectacular quincho totalmente equipado con un hermoso jardín. el antejardin tiene capacidad para 2 vehiculos grandes ademas de tener una bodega. portón eléctrico. exenta de contribuciones."
"icasas","Nunoa","","House","","200m2","4 Dormitorios","3 Baños","","UF 6.581,55","https://www.icasas.cl/propiedad/352715","amplia casa en ñuñoa !! dormitorio principal con baño en suite mas dos dormitorios de buen tamaño tres baños bien distribuidos mas pieza servicio patio de buen tamaño y dos estacionamiento mas baño y pieza de servicio. ubicación privilegiada cercana a centros comerciales mall portal ñuñoa supermercados y restaurantes a seis cuadras de metro pedro de valdivia y pronta linea de metro macul que pasara a pocos metros. ambiente tranquilo y controlado con portero electrónico citofono cámaras y unión vecinal. ubicada en un excelente sector no te pierdas la oportunidad de conocerla 2% iva comisión de corretaje. piide tu visita. difusión propiedades."
"icasas","Providencia","","House","","93m2-125m2","3-4 Dormitorios","3-4 Baños","","Desde UF 5.555","https://www.icasas.cl/propiedad/462719","casas estilo mediterráneo de dos pisos con 3 dormitorios y principal en suite 2 baños más baño de visitas y 2 estacionamientos por casa. cuentan con cocina y comedor de diario amoblada y equipada. encimera horno y campana. closets en todos los dormitorios los pisos de las habitaciones son alfombrados y el resto con porcelanato ventanas de pvc y termopanel. finas terminaciones calefacción para instalación de estufa a gas. condominio privado construido en el año 2017 en la hermosa isla de maipo. áreas verdes parque infantil zonas deportivas piscina comunitaria quincho comunitario conserjerías 24/7 sistema de vigilancia acceso único y controlado con circuito de cámaras. cercano a todos los servicios. se ubica a 40 minutos de santiago cercana a autopista del sol y futura conectividad del metro tren. cerca de colegios supermercados farmacias hospitales cesfam restaurantes y todo tipo de servicios. entorno privilegiado rodeado de hermosas viñas. entrega inmediata sin iva"
"icasas","Providencia","","House","","275m2","4 Dormitorios","2 Baños","","UF 6.718","https://www.icasas.cl/propiedad/406159","excelente oportunidad para inversión. amplia propiedad de 275 m2 totales construidos 122 m2 distribuidos en 2 casas de 2 dormitorios y un baño cada una. casas remodeladas cuenta con 2 estacionamientos amplio patio con árboles frutales (limón naranjo y almendro). pisos de cerámica. emplazada en pleno barrio residencial cercana a colegios liceos comercio autopistas áreas verdes. locomoción colectiva a una calle y cercano a línea 2 del metro (estación cementerios). no te pierdas esta oportunidad para mayor información contactarme agente inmobiliario susana reyes b."
"icasas","Providencia","","House","","161m2","4 Dormitorios","3 Baños","","UF 6.233,32","https://www.icasas.cl/propiedad/411796","venta casa barrio universitario. grajales / av españa uso comercial o habitacional. actualmente cuenta con patente y resolución sanitaria. restaurante en funcionamiento. casa en excelente estado de conservación fachada e interiores. emplazada en barrio universitario reconocido por la alta concentración de universidades centros educacionales institutos y casas utilizadas comercialmente. barrio consolidado y de alto potencial. construcción de 161 mt2. distribución 1° piso: acceso principal con recibidor living comedor habitación de servicio y/o bodega cocina y 2 baños habilitados según resolución distribución 2° piso: 4 dormitorios 1 baño completo salita de estar. valor propiedad uf 7. 050 posibilidad de continuar con restaurante derecho de llave conservable. mayor información contactar ;569"
"icasas","Providencia","","House","","100m2","3 Dormitorios","4 Baños","","UF 5.676,15","https://www.icasas.cl/propiedad/456152","descripción ubicada en tranquila zona residencial a minutos caminando de estaciones plaza egaña y los orientales. cerca futura estación ramón cruz. comunicabilidad extraordinaria. distribución: 100 metros cuadrados construidos. ubicada en condomini"
"icasas","Providencia","","House","","140m2","4 Dormitorios","3 Baños","","UF 5.900","https://www.icasas.cl/propiedad/469440","linda casa colonial de dos pisos muy buenas terminaciones y orientación esta casa cuenta con todos los ventanales y ventanas de termo panel no de aluminio como las demás casas construida el año 2016 y aún cuenta con garantía de construcción. ante jardín y amplio patio trasero entrada para 6 vehículos living separado de comedor cocina amplia amoblada y equipada con comedor de diario para 6 personas baño de visitas. cuenta con cuatro estupendos dormitorios principal en suite con baño y walking clóset 2da pieza para oficina o dormitorio y baño visita están ubicados en primer piso dormitorio 3 y 4 apto para 2 plazas con clósets más baño en el segundo piso escala ancha e iluminada enorme loggia sin techar. barrio exclusivo y tranquilo ubicado en avenida la rosa a media cuadra del segundo acceso y salida por carretera del cobre es un sector privilegiado dentro del polo de machalí. link video corporativo de la constructora de la propiedad. https://www. youtube. com/watch?v 5k uyxdgdv0"
"icasas","Providencia","","House","","100m2","4 Dormitorios","3 Baños","","UF 4.178,76","https://www.icasas.cl/propiedad/413268","bélgica/inglaterra hospital j. j aguirre casa en buen sector cercana a hospital living comedor 4 dormitorios 3 baños 2 en suite cocina cerrada tradicionalpiso parket patio entrada de vehículo capacidad 2 no paga contribuciones fachada contínua cercano a metro chacabuco mall independencia. @¬@¬macarena stewart 9 yohara macarena stewart tel."
"icasas","Providencia","","House","","119m2","3 Dormitorios","3 Baños","","UF 4.990","https://www.icasas.cl/propiedad/454288","hermosa casa mediterránea en condominio jardín oriente alto el manzano til-til. hermosa casa estilo mediterránea en el condominio jardín oriente de alto el manzano superficie útil 119m2 y 308 m2 totales. su construcción de dos pisos con terminaciones de primer nivel está ubicada en una de las zonas consolidadas y de mayor plusvalía de til-til. condominio con cámaras de seguridad cercos eléctricos y accesos controlados plaza de juegos... infantiles gran parque central y un entorno natural privilegiado con senderos de trekking multicanchas y facilidades para desarrollar múltiples actividades deportivas. orientación norte. excelente conectividad a sólo 35 minutos de santiago por ruta 5 norte y autopista los libertadores. descripción: primer piso hall de entrada. baño de visitas. amplio living y comedor. cocina completamente amoblada todo en granito equipada con encimera campana y horno. puerta corredera conexión living. amplio dormitorio principal en suite con walking closet y salida al jardín. baño principal. logia completamente cerrada. segundo piso dos dormitorios. baño. sala multiusos (juegos). exterior: entrada de vehículo. antejardín y amplio patio trasero con césped y riego automático macizos de flores y arbustos. hermosa terraza con iluminación. adicionales: cortinas roller a medida en toda la casa. riego automático (con timers). acceso al condominio con portón automático (se entrega control remoto). contactar: valor 4.990uf.mostrar"
"icasas","Providencia","","House","","166m2","5 Dormitorios","2 Baños","","UF 6.616,37","https://www.icasas.cl/propiedad/386755","general rondizzoni / club hipico hermosa casa patrimonial 163/144 m2 barrio residencial patrimonio cultural. @¬1er piso living comedor separados baño de visita cocina cerrada patio techado remodelado lavadero bodega piso cerámica. @¬cuenta con amplio departamento interior independiente living comedor 1 dormitorio baño cocina cerrada. @¬2do piso 2 amplios dormitorios 1 baño. . yohara macarena stewart tel."
"icasas","Providencia","","House","","147m2","4 Dormitorios","2 Baños","","UF 4.370","https://www.icasas.cl/propiedad/421443","venta de casa en santiago centro. emplazada en barrio patrimonial casa amplia y solida cercana a estaciones de metro rondizzoni (l2) presidente pedro aguirre cerda (l6) y parque o'higgins. casa clásica en muy buen estado cuatro amplias habitaciones dos baños living comedor separados gran cocina patio de luz dos bodegas. cerámica en todas las dependencias. ideal para consultas medicas oficina o residencial. @¬código fuenzalida fsb769. ljubica andarcia tel."
"icasas","Las Condes","","Aparment","","120m2","4 Dormitorios","3 Baños","","UF 6.900","https://www.icasas.cl/propiedad/417286","excelente departamento en residencial ubicación de la comuna de las condes. hall de acceso amplio living comedor con terraza incorporada. cocina de buen tamaño con loggia. tres dormitorios (principal en suite) dos baños completos más dormitorio y baño de servicio. un estacionamiento y una bodega. edificio con conserjería las 24 horas estacionamientos de visita sala de juegos solo dos departamentos por piso. gastos comunes: $90. 000 aprox."
"icasas","Las Condes","","Aparment","","110m2","3 Dormitorios","1 Baño","","UF 6.090,54","https://www.icasas.cl/propiedad/148688","cod. int.: 161. alto las condes. imperdible oportunidad. excelente ubicación. frente a mall alto las condes cercano a supermercados restaurantes colegios etc. depto. ubicado en primer piso oriente son 80 m2 totales más 30 m2 de patio. amplio living comedor con salida a patio tres dormitorios más dormitorio de servicio completo. cocina con logia. estacionamiento en superficie techado. cod. int: 161"
"icasas","Las Condes","","Aparment","","100m2","3 Dormitorios","2 Baños","","UF 6.100","https://www.icasas.cl/propiedad/385383","espectacular departamento ubicado en las condes santiago con excelente ubicación. en 4to piso con vista despejada 3 dormitorios 2 baños cocina americana full equipada con cubierta de cuarzo y cajones de cierre suave. se incluye horno microondas encimera campana y refrigerador panelable todo marca teka. 1 hall de entrada gran terraza panorámica de 25m2 con salida desde todos los dormitorios. piso flotante en todos los dormitorios comedor y en estar. porcelanato en baños cerámica en terraza. instalaciones eléctricas sanitarias y gas nuevas.1 bodega. sin estacionamiento pero alrededor del condominio hay unos 40 estacionamientos disponibles para uso exclusivo residentes. también tiene la posibilidad de continuar con el arriendo de estacionamiento por $50.000 interior del recinto. el edificio cuenta con una placa comercial donde puede encontrar: minimarket botilleria peluqueria venta de comida para mascotas biblioteca servicio técnico para electrodomésticos servicio técnico de celulares taller de costuras etc. excelente ubicación a 2 cuadras del metro los dominicos. a un paso del parque montegrande cerca de supermercados colegios y jardines infantiles. a 8 cuadras del mall los dominicos. conserjería 24 hrs."
"icasas","Las Condes","","Aparment","","110m2","3 Dormitorios","3 Baños","","UF 6.900","https://www.icasas.cl/propiedad/445211","departamento 110mtr2 3 dormitorios 3 baños orientación oriente piso 15 hermosa vista despejada 1 estacionamiento y 1 bodega piso flotante en todo el departamento sector rotonda atenas seguridad 24 horas gastos comunes $80. 000 aprox. contribuciones $100. 000 aprox. seguridad 24 hrs. easybroker id: eb ez1248"
"icasas","Las Condes","","Aparment","","120m2","4 Dormitorios","3 Baños","","UF 6.900","https://www.icasas.cl/propiedad/412126","excelente departamento en residencial ubicación de la comuna de las condes. hall de acceso amplio living comedor con terraza incorporada. cocina de buen tamaño con loggia. tres dormitorios (principal en suite) dos baños completos más dormitorio y baño de servicio. un estacionamiento y una bodega. edificio con conserjería las 24 horas estacionamientos de visita sala de juegos solo dos departamentos por piso. gastos comunes: $90. 000 aprox."
"icasas","Las Condes","","Aparment","","103m2","4 Dormitorios","3 Baños","","UF 6.500","https://www.icasas.cl/propiedad/441887","se vende excelente departamento en colón con hernando de magallanes. construido en 1993. ubicado en cuarto piso de edificio de diez pisos. sólo cuatro departamentos por piso orientación oriente tres dormitorios dos baños principal en suite con walk in closet y bow window. pieza y baño de servicio. amplia terraza sin interferencias cocina tradicional con gran loggia. estacionamiento techado amplio en superficie y buen tamaño de bodega situada al lado. recibos luminosos sector muy tranquilo sin ruidos con movilización cercana comercio de barrio supermercados colegios etc. de superficie son 103 m2. útiles y 9 m2. de terraza. contactar : carlos monzó calvo cmonzo@italprop. cl"
"icasas","Las Condes","","Aparment","","103m2","3 Dormitorios","2 Baños","","UF 5.710,97","https://www.icasas.cl/propiedad/409936","vista real al oriente departamento de 3 dormitorios living comedor cocina 2 baños y amplio balcón ( a la salida del dormitorio y del living) dormitorios con buen espacio al igual que el living comedor piso flotante. solo baño y cocina piso cerámico torre 3 depto 204 piso 20 cercano a parques supermercados centro de urgencia centros comerciales colegios jardines al frente del colegio simón bolívar y de locomoción colectiva. a pasos del líder y de la clínica cordillera. contactar a corredor a cargo: victor ureta ponce correo electrónico: victoruretaponce@gmail. com fono:"
"icasas","Las Condes","","House","","200m2","3 Dormitorios","1 Baño","","UF 5.327,92","https://www.icasas.cl/propiedad/431795","hogar de 3 dormitorios living comedor cocina baño y amplio ante jardín piso flotante toda la casa solo baño y cocina piso cerámica departamento interior: 3 dormitorios living comedor cocina y baño. cercano a consultorio anibal ariztia clínica cordillera centro de urgencia centros comerciales parques jardines. a pasos del portal la reina supermercados y colegios a minutos del mall plaza los dominicos y metro los dominicos locomoción colectiva a la puerta. contactar a corredor a cargo: victor ureta ponce correo electrónico: victoruretaponce@gmail. com fono:"
"icasas","Las Condes","","House","","192m2","3 Dormitorios","1 Baño","","UF 6.094,03","https://www.icasas.cl/propiedad/372752","casa de 3 dormitorios living comedor cocina baño. sector residencial amplio estacionamiento a pasos mall plaza los dominicos locomoción colectiva cercano a metro (los dominicos) parques  supermercados clínica cordillera centro de urgencia y consultorio anibal ariztia seguridad las 24hrs. contactar a corredor a cargo: victor ureta ponce correo electrónico: victoruretaponce@gmail. com fono:"
"icasas","Las Condes","","House","","333m2","3 Dormitorios","1 Baño","","UF 6.094,03","https://www.icasas.cl/propiedad/372751","hogar de 3 dormitorios living comedor cocina baño gran patio terraza. cercano a colegios supermercados consultorio anibal ariztia clínica cordillera centro de urgencia centros comerciales parques jardines. a minutos del mall plaza los dominicos y metro los dominicos locomoción colectiva a la puerta seguridad rondando las 24hrs del día. contactar a corredor a cargo: victor ureta ponce correo electrónico: victoruretaponce@gmail. com fono:"
"icasas","Las Condes","","House","","160m2","3 Dormitorios","1 Baño","","UF 6.094,03","https://www.icasas.cl/propiedad/446379","casa de 3 dormitorios living comedor cocina baño y amplio ante jardín todo el hogar piso cerámica solo dormitorios piso cercano a consultorio anibal ariztia clínica cordillera centro de urgencia centros comerciales colegios supermercados parques y jardines a pasos de locomoción colectiva y del mall plaza los dominicos a minuto del metro los dominicos. contactar a corredor a cargo: victor ureta ponce correo electrónico: victoruretaponce@gmail. com fono:"
"icasas","Las Condes","","House","","112m2","4 Dormitorios","2 Baños","","UF 5.571,68","https://www.icasas.cl/propiedad/381438","casa con ampliaciones solo contado sector vital apoquindo paul harris pequeño antejardin con dos estacionamientos techados living comedor juntos baño cocina buen tamaño patio con bodega. sótano acústico para músicos 2° piso liviano 4 dormitorios baño completo con luz natural. . contactar a yany duarte yany@vivaqui. com"
"icasas","Las Condes","","House","","150m2","3 Dormitorios","1 Baño","","UF 6.268,14","https://www.icasas.cl/propiedad/447655","casa en avda colon 3 dormitorios mas living comedor cocina."
"icasas","Las Condes","","House","","270m2","3 Dormitorios","1 Baño","","UF 6.790,49","https://www.icasas.cl/propiedad/375139","casa de 3 dormitorios living comedor cocina baño amplio estacionamiento (capacidad máxima 3 autos) cercano a mall plaza los dominicos supermercados colegios clínica cordillera centro de urgencia a pasos de locomoción colectiva y estación de metro los dominicos seguridad las 24hrs. contactar a corredor a cargo: victor ureta ponce correo electrónico: victoruretaponce@gmail. com fono:"
